"scenario","run","method","ARI","NMI","seconds","representation","n_visits_representation","empty_fraction","duplication_factor"
"standard",1,"longTAPIO-sqrtP",0.788423153692615,0.848953900500839,2.66200000000026,"original_regular",10,0,1
"standard",1,"longTAPIO-fullP",0.807871569135163,0.860675523710856,2.49600000000009,"original_regular",10,0,1
"standard",1,"clusterMLD",0.760192211011212,0.815642974756975,1.7489999999998,"original_raw",NA,NA,NA
"standard",1,"kml3d",0.854312535656864,0.858618960939981,0.418999999999869,"original_regular",10,0,1
"standard",2,"longTAPIO-sqrtP",0.983226974646172,0.978804661269229,2.46100000000024,"original_regular",10,0,1
"standard",2,"longTAPIO-fullP",0.935560248288219,0.939569164298292,2.58699999999953,"original_regular",10,0,1
"standard",2,"clusterMLD",0.95099722625809,0.950945708892087,1.74499999999989,"original_raw",NA,NA,NA
"standard",2,"kml3d",0.86093251130687,0.861555762871908,0.411000000000058,"original_regular",10,0,1
"standard",3,"longTAPIO-sqrtP",1,1,2.3760000000002,"original_regular",10,0,1
"standard",3,"longTAPIO-fullP",1,1,2.51299999999992,"original_regular",10,0,1
"standard",3,"clusterMLD",0.594493644195433,0.706091251872266,1.75200000000041,"original_raw",NA,NA,NA
"standard",3,"kml3d",0.798332493984668,0.804708322338823,0.407999999999447,"original_regular",10,0,1
"standard",4,"longTAPIO-sqrtP",0.829388373414126,0.873355651440036,2.40700000000015,"original_regular",10,0,1
"standard",4,"longTAPIO-fullP",0.829388373414126,0.873355651440036,2.72499999999945,"original_regular",10,0,1
"standard",4,"clusterMLD",0.829388373414126,0.873355651440036,1.74600000000009,"original_raw",NA,NA,NA
"standard",4,"kml3d",0.793695035801817,0.811289273942108,0.389999999999418,"original_regular",10,0,1
"standard",5,"longTAPIO-sqrtP",0.983226974646172,0.978804661269229,2.38900000000012,"original_regular",10,0,1
"standard",5,"longTAPIO-fullP",0.818372461766662,0.866884550123372,1.96500000000015,"original_regular",10,0,1
"standard",5,"clusterMLD",0.817441579961007,0.854940728320777,1.11100000000079,"original_raw",NA,NA,NA
"standard",5,"kml3d",0.770667177607996,0.784916335594371,0.259999999999309,"original_regular",10,0,1
"standard",6,"longTAPIO-sqrtP",1,1,1.67399999999998,"original_regular",10,0,1
"standard",6,"longTAPIO-fullP",1,1,1.57899999999972,"original_regular",10,0,1
"standard",6,"clusterMLD",1,1,1.11599999999999,"original_raw",NA,NA,NA
"standard",6,"kml3d",0.949713558243157,0.942336685447826,0.259000000000015,"original_regular",10,0,1
"standard",7,"longTAPIO-sqrtP",0.983226974646172,0.978804661269229,1.51299999999992,"original_regular",10,0,1
"standard",7,"longTAPIO-fullP",0.983226974646172,0.978804661269229,1.63600000000042,"original_regular",10,0,1
"standard",7,"clusterMLD",0.865030308102486,0.883125014274843,1.23399999999947,"original_raw",NA,NA,NA
"standard",7,"kml3d",0.83365518785509,0.842670537628069,0.25,"original_regular",10,0,1
"standard",8,"longTAPIO-sqrtP",1,1,1.47199999999975,"original_regular",10,0,1
"standard",8,"longTAPIO-fullP",0.788423153692615,0.848953900500839,1.61200000000008,"original_regular",10,0,1
"standard",8,"clusterMLD",1,1,1.14300000000003,"original_raw",NA,NA,NA
"standard",8,"kml3d",0.919159770846595,0.915380358869098,0.269000000000233,"original_regular",10,0,1
"standard",9,"longTAPIO-sqrtP",1,1,1.54299999999967,"original_regular",10,0,1
"standard",9,"longTAPIO-fullP",1,1,1.71000000000004,"original_regular",10,0,1
"standard",9,"clusterMLD",1,1,1.10899999999947,"original_raw",NA,NA,NA
"standard",9,"kml3d",0.804073998421986,0.80749580864305,0.255000000000109,"original_regular",10,0,1
"standard",10,"longTAPIO-sqrtP",1,1,1.50300000000061,"original_regular",10,0,1
"standard",10,"longTAPIO-fullP",0.748890087072239,0.822940037757852,1.60599999999977,"original_regular",10,0,1
"standard",10,"clusterMLD",0.748890087072239,0.822940037757852,1.11200000000008,"original_raw",NA,NA,NA
"standard",10,"kml3d",0.834114811306048,0.844907696990338,0.265000000000327,"original_regular",10,0,1
"standard",11,"longTAPIO-sqrtP",1,1,1.66100000000006,"original_regular",10,0,1
"standard",11,"longTAPIO-fullP",1,1,1.58300000000054,"original_regular",10,0,1
"standard",11,"clusterMLD",0.76314744338666,0.832849395745544,1.125,"original_raw",NA,NA,NA
"standard",11,"kml3d",0.903097007013375,0.897760065122621,0.25800000000072,"original_regular",10,0,1
"standard",12,"longTAPIO-sqrtP",1,1,1.50900000000001,"original_regular",10,0,1
"standard",12,"longTAPIO-fullP",1,1,1.77700000000004,"original_regular",10,0,1
"standard",12,"clusterMLD",0.47437302102281,0.625225515119649,1.11700000000019,"original_raw",NA,NA,NA
"standard",12,"kml3d",0.79516969356848,0.813363484933009,0.251000000000204,"original_regular",10,0,1
"standard",13,"longTAPIO-sqrtP",0.83830244746228,0.867281960943419,1.5010000000002,"original_regular",10,0,1
"standard",13,"longTAPIO-fullP",0.83830244746228,0.867281960943419,1.63799999999992,"original_regular",10,0,1
"standard",13,"clusterMLD",0.850630637076611,0.874580475215073,1.10500000000047,"original_raw",NA,NA,NA
"standard",13,"kml3d",0.765981954309848,0.790703703238711,0.264000000000124,"original_regular",10,0,1
"standard",14,"longTAPIO-sqrtP",0.950954824598301,0.943005041629734,1.57900000000063,"original_regular",10,0,1
"standard",14,"longTAPIO-fullP",0.950954824598301,0.943005041629734,1.69900000000052,"original_regular",10,0,1
"standard",14,"clusterMLD",0.950954824598301,0.943005041629734,1.11699999999928,"original_raw",NA,NA,NA
"standard",14,"kml3d",0.874080107971266,0.878142008033655,0.248999999999796,"original_regular",10,0,1
"standard",15,"longTAPIO-sqrtP",1,1,1.52999999999975,"original_regular",10,0,1
"standard",15,"longTAPIO-fullP",1,1,1.61999999999989,"original_regular",10,0,1
"standard",15,"clusterMLD",1,1,1.11399999999958,"original_raw",NA,NA,NA
"standard",15,"kml3d",0.836761053154496,0.85594873517385,0.263000000000829,"original_regular",10,0,1
"standard",16,"longTAPIO-sqrtP",1,1,1.6309999999994,"original_regular",10,0,1
"standard",16,"longTAPIO-fullP",1,1,1.59500000000025,"original_regular",10,0,1
"standard",16,"clusterMLD",1,1,1.10400000000027,"original_raw",NA,NA,NA
"standard",16,"kml3d",0.890587253480915,0.899224624470739,0.259000000000015,"original_regular",10,0,1
"standard",17,"longTAPIO-sqrtP",0.86549345279939,0.894642707646344,1.53999999999996,"original_regular",10,0,1
"standard",17,"longTAPIO-fullP",0.852952833927864,0.88719873517385,1.76599999999962,"original_regular",10,0,1
"standard",17,"clusterMLD",0.797887943678498,0.854705307768019,1.11000000000058,"original_raw",NA,NA,NA
"standard",17,"kml3d",0.816040738383195,0.818067704342464,0.25,"original_regular",10,0,1
"standard",18,"longTAPIO-sqrtP",0.730917366946779,0.789806418865977,1.51499999999942,"original_regular",10,0,1
"standard",18,"longTAPIO-fullP",0.730917366946779,0.789806418865977,1.65099999999984,"original_regular",10,0,1
"standard",18,"clusterMLD",0.712023386566888,0.778917461514179,1.13900000000012,"original_raw",NA,NA,NA
"standard",18,"kml3d",0.692281855041866,0.735102468284998,0.26299999999992,"original_regular",10,0,1
"standard",19,"longTAPIO-sqrtP",0.966889326733625,0.963749350121208,1.55999999999949,"original_regular",10,0,1
"standard",19,"longTAPIO-fullP",0.966889326733625,0.963749350121208,1.72500000000036,"original_regular",10,0,1
"standard",19,"clusterMLD",0.966889326733625,0.963749350121208,1.13000000000011,"original_raw",NA,NA,NA
"standard",19,"kml3d",0.842165433490428,0.845815389394829,0.251999999999498,"original_regular",10,0,1
"standard",20,"longTAPIO-sqrtP",0.878533231474408,0.902496636752747,1.53800000000047,"original_regular",10,0,1
"standard",20,"longTAPIO-fullP",0.878533231474408,0.902496636752747,1.61899999999969,"original_regular",10,0,1
"standard",20,"clusterMLD",0.840916371056721,0.880116184874871,1.26600000000053,"original_raw",NA,NA,NA
"standard",20,"kml3d",0.818786048666699,0.833569004498065,0.257000000000517,"original_regular",10,0,1
"standard",21,"longTAPIO-sqrtP",0.840234007315707,0.868299429278495,1.48599999999988,"original_regular",10,0,1
"standard",21,"longTAPIO-fullP",0.840234007315707,0.868299429278495,1.59799999999996,"original_regular",10,0,1
"standard",21,"clusterMLD",0.840234007315707,0.868299429278495,1.10900000000038,"original_raw",NA,NA,NA
"standard",21,"kml3d",0.753660089115213,0.775082726683687,0.261999999999716,"original_regular",10,0,1
"standard",22,"longTAPIO-sqrtP",0.966889326733625,0.963749350121208,1.61499999999978,"original_regular",10,0,1
"standard",22,"longTAPIO-fullP",0.76314744338666,0.832849395745544,1.84500000000025,"original_regular",10,0,1
"standard",22,"clusterMLD",0.76314744338666,0.832849395745544,1.13600000000042,"original_raw",NA,NA,NA
"standard",22,"kml3d",0.875450880543178,0.874391130047876,0.260999999999513,"original_regular",10,0,1
"standard",23,"longTAPIO-sqrtP",1,1,1.50600000000031,"original_regular",10,0,1
"standard",23,"longTAPIO-fullP",0.920587353910698,0.929229296672175,1.62100000000009,"original_regular",10,0,1
"standard",23,"clusterMLD",0.711500336685137,0.785819737393602,1.10400000000027,"original_raw",NA,NA,NA
"standard",23,"kml3d",0.765336785908379,0.78159055367478,0.264000000000124,"original_regular",10,0,1
"standard",24,"longTAPIO-sqrtP",1,1,1.65499999999975,"original_regular",10,0,1
"standard",24,"longTAPIO-fullP",1,1,1.58199999999943,"original_regular",10,0,1
"standard",24,"clusterMLD",0.983226974646172,0.978804661269229,1.10900000000038,"original_raw",NA,NA,NA
"standard",24,"kml3d",0.892066490517011,0.910821663190778,0.26299999999992,"original_regular",10,0,1
"standard",25,"longTAPIO-sqrtP",0.878533231474408,0.902496636752747,1.52600000000075,"original_regular",10,0,1
"standard",25,"longTAPIO-fullP",0.878533231474408,0.902496636752747,1.75399999999991,"original_regular",10,0,1
"standard",25,"clusterMLD",0.892066490517011,0.910821663190778,1.10900000000038,"original_raw",NA,NA,NA
"standard",25,"kml3d",0.839484538969638,0.833350301710929,0.251999999999498,"original_regular",10,0,1
"standard",26,"longTAPIO-sqrtP",0.829388373414126,0.873355651440036,1.4970000000003,"original_regular",10,0,1
"standard",26,"longTAPIO-fullP",0.76314744338666,0.832849395745544,1.625,"original_regular",10,0,1
"standard",26,"clusterMLD",0.788423153692615,0.848953900500839,1.10900000000038,"original_raw",NA,NA,NA
"standard",26,"kml3d",0.864329579732962,0.873317273107702,0.259000000000015,"original_regular",10,0,1
"standard",27,"longTAPIO-sqrtP",1,1,1.58899999999994,"original_regular",10,0,1
"standard",27,"longTAPIO-fullP",0.90608687323404,0.919697027566247,1.68700000000081,"original_regular",10,0,1
"standard",27,"clusterMLD",0.698687958270896,0.773443556296595,1.10599999999977,"original_raw",NA,NA,NA
"standard",27,"kml3d",0.801445746522572,0.815003325985105,0.247999999999593,"original_regular",10,0,1
"standard",28,"longTAPIO-sqrtP",1,1,1.52199999999993,"original_regular",10,0,1
"standard",28,"longTAPIO-fullP",0.852952833927864,0.88719873517385,1.62100000000009,"original_regular",10,0,1
"standard",28,"clusterMLD",0.852952833927864,0.88719873517385,1.10500000000047,"original_raw",NA,NA,NA
"standard",28,"kml3d",0.843199660513473,0.838591510408382,0.259000000000015,"original_regular",10,0,1
"standard",29,"longTAPIO-sqrtP",0.737372895813249,0.792215473753877,1.62900000000081,"original_regular",10,0,1
"standard",29,"longTAPIO-fullP",0.708634938049298,0.758246053490654,1.59299999999985,"original_regular",10,0,1
"standard",29,"clusterMLD",0.684052101361401,0.761777085161651,1.10100000000057,"original_raw",NA,NA,NA
"standard",29,"kml3d",0.764235816048481,0.792432810209214,0.25800000000072,"original_regular",10,0,1
"standard",30,"longTAPIO-sqrtP",0.983226974646172,0.978804661269229,1.53099999999995,"original_regular",10,0,1
"standard",30,"longTAPIO-fullP",0.983226974646172,0.978804661269229,1.75200000000041,"original_regular",10,0,1
"standard",30,"clusterMLD",0.983226974646172,0.978804661269229,1.11000000000058,"original_raw",NA,NA,NA
"standard",30,"kml3d",0.858568279382759,0.86018428108131,0.250999999999294,"original_regular",10,0,1
"irregular",1,"longTAPIO-sqrtP",0.838416566038187,0.846967664059691,1.71299999999974,"overlapping_sliding_windows",21,0.405654761904762,1.95157068062827
"irregular",1,"longTAPIO-fullP",0.767760756847414,0.817190746570644,1.94800000000032,"overlapping_sliding_windows",21,0.405654761904762,1.95157068062827
"irregular",1,"clusterMLD",0.822830468915765,0.835884876506591,1.10200000000077,"original_raw",NA,NA,NA
"irregular",1,"kml3d",0.632715347512298,0.66146597400257,0.385999999999513,"overlapping_sliding_windows",21,0.405654761904762,1.95157068062827
"irregular",2,"longTAPIO-sqrtP",0.918823157734775,0.906303361511644,1.80699999999979,"overlapping_sliding_windows",21,0.413988095238095,1.95089581950896
"irregular",2,"longTAPIO-fullP",0.809567675994273,0.802574242315078,1.89300000000003,"overlapping_sliding_windows",21,0.413988095238095,1.95089581950896
"irregular",2,"clusterMLD",0.917426636388031,0.90061711404463,1.10199999999986,"original_raw",NA,NA,NA
"irregular",2,"kml3d",0.774365884780042,0.764180130808088,0.375999999999294,"overlapping_sliding_windows",21,0.413988095238095,1.95089581950896
"irregular",3,"longTAPIO-sqrtP",0.769948378891825,0.806555091906506,1.85800000000017,"overlapping_sliding_windows",21,0.40297619047619,1.94291212315587
"irregular",3,"longTAPIO-fullP",0.934903241035243,0.929750370161315,1.88600000000042,"overlapping_sliding_windows",21,0.40297619047619,1.94291212315587
"irregular",3,"clusterMLD",0.828209492297377,0.843671479006209,1.08500000000004,"original_raw",NA,NA,NA
"irregular",3,"kml3d",0.735331630103193,0.71904095208559,0.3799999999992,"overlapping_sliding_windows",21,0.40297619047619,1.94291212315587
"irregular",4,"longTAPIO-sqrtP",0.901718592924572,0.885900110842219,1.91100000000006,"overlapping_sliding_windows",21,0.421428571428571,1.94333333333333
"irregular",4,"longTAPIO-fullP",0.918682674550429,0.907205421990239,1.87400000000071,"overlapping_sliding_windows",21,0.421428571428571,1.94333333333333
"irregular",4,"clusterMLD",0.728617167853012,0.757540566938211,1.07600000000002,"original_raw",NA,NA,NA
"irregular",4,"kml3d",0.686160589758916,0.710544368074345,0.382000000000517,"overlapping_sliding_windows",21,0.421428571428571,1.94333333333333
"irregular",5,"longTAPIO-sqrtP",0.596110812490231,0.670126148953123,1.81099999999969,"overlapping_sliding_windows",21,0.417559523809524,1.9488188976378
"irregular",5,"longTAPIO-fullP",0.562434874214197,0.625913971937416,1.97199999999975,"overlapping_sliding_windows",21,0.417559523809524,1.9488188976378
"irregular",5,"clusterMLD",0.734159844792505,0.767983442108348,1.08600000000024,"original_raw",NA,NA,NA
"irregular",5,"kml3d",0.668206203705886,0.697752008042178,0.380999999999403,"overlapping_sliding_windows",21,0.417559523809524,1.9488188976378
"irregular",6,"longTAPIO-sqrtP",0.696197667944827,0.728758383420441,1.72800000000007,"overlapping_sliding_windows",21,0.413988095238095,1.95325872284398
"irregular",6,"longTAPIO-fullP",0.573762462277417,0.626122835248104,2.02999999999975,"overlapping_sliding_windows",21,0.413988095238095,1.95325872284398
"irregular",6,"clusterMLD",0.778518828952883,0.788847176826989,1.09100000000035,"original_raw",NA,NA,NA
"irregular",6,"kml3d",0.619107078442798,0.664512437707627,0.395999999999731,"overlapping_sliding_windows",21,0.413988095238095,1.95325872284398
"irregular",7,"longTAPIO-sqrtP",0.757052990890906,0.801890939060097,1.73499999999967,"overlapping_sliding_windows",21,0.407142857142857,1.95153896529142
"irregular",7,"longTAPIO-fullP",0.757052990890906,0.801890939060097,2.07899999999972,"overlapping_sliding_windows",21,0.407142857142857,1.95153896529142
"irregular",7,"clusterMLD",0.619351402843566,0.708369035853601,1.09099999999944,"original_raw",NA,NA,NA
"irregular",7,"kml3d",0.704674983219944,0.71819213744984,0.36200000000008,"overlapping_sliding_windows",21,0.407142857142857,1.95153896529142
"irregular",8,"longTAPIO-sqrtP",0.715191339197745,0.771149795140455,1.72900000000027,"overlapping_sliding_windows",21,0.40952380952381,1.9427652733119
"irregular",8,"longTAPIO-fullP",0.724238631622862,0.77639467495174,1.98199999999997,"overlapping_sliding_windows",21,0.40952380952381,1.9427652733119
"irregular",8,"clusterMLD",0.890587253480915,0.899139261910226,1.20899999999983,"original_raw",NA,NA,NA
"irregular",8,"kml3d",0.745386014559378,0.741860235158416,0.367999999999483,"overlapping_sliding_windows",21,0.40952380952381,1.9427652733119
"irregular",9,"longTAPIO-sqrtP",0.852662946741065,0.830502266114625,1.65599999999995,"overlapping_sliding_windows",21,0.414285714285714,1.95619946091644
"irregular",9,"longTAPIO-fullP",0.787860684628711,0.774679738569079,1.90400000000045,"overlapping_sliding_windows",21,0.414285714285714,1.95619946091644
"irregular",9,"clusterMLD",0.709607621883834,0.754736644539503,1.09199999999964,"original_raw",NA,NA,NA
"irregular",9,"kml3d",0.630872110768889,0.646741814673215,0.375999999999294,"overlapping_sliding_windows",21,0.414285714285714,1.95619946091644
"irregular",10,"longTAPIO-sqrtP",0.760025461489497,0.765565041584105,1.83799999999974,"overlapping_sliding_windows",21,0.423214285714286,1.95482130815914
"irregular",10,"longTAPIO-fullP",0.729106754332582,0.755332342871702,1.89000000000033,"overlapping_sliding_windows",21,0.423214285714286,1.95482130815914
"irregular",10,"clusterMLD",0.904875543137184,0.90862806398827,1.08199999999943,"original_raw",NA,NA,NA
"irregular",10,"kml3d",0.676515115296967,0.676712897808059,0.367999999999483,"overlapping_sliding_windows",21,0.423214285714286,1.95482130815914
"irregular",11,"longTAPIO-sqrtP",0.808226681539944,0.8238171817729,1.90200000000004,"overlapping_sliding_windows",21,0.404761904761905,1.96461336828309
"irregular",11,"longTAPIO-fullP",0.651224551167141,0.721850311317464,1.88000000000011,"overlapping_sliding_windows",21,0.404761904761905,1.96461336828309
"irregular",11,"clusterMLD",0.841544151309949,0.852879570504902,1.08100000000013,"original_raw",NA,NA,NA
"irregular",11,"kml3d",0.693268737396036,0.724062514466347,0.373000000000502,"overlapping_sliding_windows",21,0.404761904761905,1.96461336828309
"irregular",12,"longTAPIO-sqrtP",0.949071516083311,0.936086685447826,1.80499999999938,"overlapping_sliding_windows",21,0.419047619047619,1.95822102425876
"irregular",12,"longTAPIO-fullP",0.966248933639324,0.957499350121208,1.94899999999961,"overlapping_sliding_windows",21,0.419047619047619,1.95822102425876
"irregular",12,"clusterMLD",0.966248933639324,0.957499350121208,1.09000000000015,"original_raw",NA,NA,NA
"irregular",12,"kml3d",0.67809315612197,0.73692256962619,0.375,"overlapping_sliding_windows",21,0.419047619047619,1.95822102425876
"irregular",13,"longTAPIO-sqrtP",0.919636248704746,0.918842681559705,1.72299999999996,"overlapping_sliding_windows",21,0.414583333333333,1.95144356955381
"irregular",13,"longTAPIO-fullP",0.919636248704746,0.918842681559705,1.97099999999955,"overlapping_sliding_windows",21,0.414583333333333,1.95144356955381
"irregular",13,"clusterMLD",0.719935431799839,0.779706966177988,1.08699999999953,"original_raw",NA,NA,NA
"irregular",13,"kml3d",0.743035686495158,0.754620142770352,0.373999999999796,"overlapping_sliding_windows",21,0.414583333333333,1.95144356955381
"irregular",14,"longTAPIO-sqrtP",0.810624056981,0.850990280350933,1.7510000000002,"overlapping_sliding_windows",21,0.41547619047619,1.94487678339818
"irregular",14,"longTAPIO-fullP",0.700486817180573,0.758344721429487,2.04399999999987,"overlapping_sliding_windows",21,0.41547619047619,1.94487678339818
"irregular",14,"clusterMLD",0.777868081783557,0.804784161934722,1.08300000000054,"original_raw",NA,NA,NA
"irregular",14,"kml3d",0.625894907208432,0.697763496332515,0.369999999999891,"overlapping_sliding_windows",21,0.41547619047619,1.94487678339818
"irregular",15,"longTAPIO-sqrtP",0.731091011435225,0.790571440577688,1.72899999999936,"overlapping_sliding_windows",21,0.412202380952381,1.94534808067664
"irregular",15,"longTAPIO-fullP",0.70503112132529,0.770086172834176,2.08800000000065,"overlapping_sliding_windows",21,0.412202380952381,1.94534808067664
"irregular",15,"clusterMLD",0.675599260536577,0.705611573265543,1.07999999999993,"original_raw",NA,NA,NA
"irregular",15,"kml3d",0.790548744197119,0.805800012728552,0.382000000000517,"overlapping_sliding_windows",21,0.412202380952381,1.94534808067664
"irregular",16,"longTAPIO-sqrtP",0.657573582196698,0.713216356713424,1.72899999999936,"overlapping_sliding_windows",21,0.4125,1.94415243101183
"irregular",16,"longTAPIO-fullP",0.662477780353969,0.719429482551918,1.98300000000017,"overlapping_sliding_windows",21,0.4125,1.94415243101183
"irregular",16,"clusterMLD",0.711509042395494,0.7514764331564,1.21500000000015,"original_raw",NA,NA,NA
"irregular",16,"kml3d",0.632905267511872,0.684749188726297,0.365999999999985,"overlapping_sliding_windows",21,0.4125,1.94415243101183
"irregular",17,"longTAPIO-sqrtP",0.8408028485608,0.840052341708086,1.67200000000048,"overlapping_sliding_windows",21,0.404464285714286,1.95022920759659
"irregular",17,"longTAPIO-fullP",0.901019359431174,0.884906822365109,1.91099999999915,"overlapping_sliding_windows",21,0.404464285714286,1.95022920759659
"irregular",17,"clusterMLD",0.623508586404285,0.687980112985285,1.09299999999985,"original_raw",NA,NA,NA
"irregular",17,"kml3d",0.697584173784266,0.72037798516932,0.373999999999796,"overlapping_sliding_windows",21,0.404464285714286,1.95022920759659
"irregular",18,"longTAPIO-sqrtP",0.698563617393487,0.728532955455279,1.79899999999998,"overlapping_sliding_windows",21,0.407738095238095,1.95101241018942
"irregular",18,"longTAPIO-fullP",0.870414610819658,0.852118456824936,1.88599999999951,"overlapping_sliding_windows",21,0.407738095238095,1.95101241018942
"irregular",18,"clusterMLD",0.870127541567554,0.875964683641268,1.08399999999983,"original_raw",NA,NA,NA
"irregular",18,"kml3d",0.74804710828695,0.754400461213221,0.394000000000233,"overlapping_sliding_windows",21,0.407738095238095,1.95101241018942
"irregular",19,"longTAPIO-sqrtP",0.752021299504708,0.799947029001096,1.8739999999998,"overlapping_sliding_windows",21,0.424107142857143,1.95348837209302
"irregular",19,"longTAPIO-fullP",0.76518502007985,0.812979934897175,1.88400000000001,"overlapping_sliding_windows",21,0.424107142857143,1.95348837209302
"irregular",19,"clusterMLD",0.710785295885535,0.745854679702803,1.09299999999985,"original_raw",NA,NA,NA
"irregular",19,"kml3d",0.74759189073939,0.743182400393693,0.371000000000095,"overlapping_sliding_windows",21,0.424107142857143,1.95348837209302
"irregular",20,"longTAPIO-sqrtP",0.621391239177169,0.690381603878529,1.91499999999996,"overlapping_sliding_windows",21,0.423809523809524,1.95737704918033
"irregular",20,"longTAPIO-fullP",0.635141059516334,0.711576942609301,1.88500000000022,"overlapping_sliding_windows",21,0.423809523809524,1.95737704918033
"irregular",20,"clusterMLD",0.810624056981,0.850990280350933,1.08200000000033,"original_raw",NA,NA,NA
"irregular",20,"kml3d",0.650194190950463,0.68138991967741,0.384000000000015,"overlapping_sliding_windows",21,0.423809523809524,1.95737704918033
"irregular",21,"longTAPIO-sqrtP",0.76314744338666,0.832849395745544,1.80599999999959,"overlapping_sliding_windows",21,0.413095238095238,1.94582245430809
"irregular",21,"longTAPIO-fullP",0.585606758832565,0.685145236414684,1.96999999999935,"overlapping_sliding_windows",21,0.413095238095238,1.94582245430809
"irregular",21,"clusterMLD",0.682197734571819,0.739702868579631,1.08799999999974,"original_raw",NA,NA,NA
"irregular",21,"kml3d",0.700933878260183,0.734988332076334,0.386000000000422,"overlapping_sliding_windows",21,0.413095238095238,1.94582245430809
"irregular",22,"longTAPIO-sqrtP",0.792097447869519,0.817670108872654,1.72100000000046,"overlapping_sliding_windows",21,0.418452380952381,1.94451871657754
"irregular",22,"longTAPIO-fullP",0.776014571255104,0.798837002352584,2.03499999999985,"overlapping_sliding_windows",21,0.418452380952381,1.94451871657754
"irregular",22,"clusterMLD",0.858936563824073,0.867712186941985,1.10099999999966,"original_raw",NA,NA,NA
"irregular",22,"kml3d",0.790229368607294,0.793308741133752,0.358000000000175,"overlapping_sliding_windows",21,0.418452380952381,1.94451871657754
"irregular",23,"longTAPIO-sqrtP",0.77939646201873,0.810413998836065,1.73199999999997,"overlapping_sliding_windows",21,0.411904761904762,1.9484670580561
"irregular",23,"longTAPIO-fullP",0.77939646201873,0.810413998836065,2.07800000000043,"overlapping_sliding_windows",21,0.411904761904762,1.9484670580561
"irregular",23,"clusterMLD",0.796900927572911,0.80638860044575,1.08399999999983,"original_raw",NA,NA,NA
"irregular",23,"kml3d",0.699128187551952,0.72915001693664,0.363999999999578,"overlapping_sliding_windows",21,0.411904761904762,1.9484670580561
"irregular",24,"longTAPIO-sqrtP",0.72451322065348,0.759005611057441,1.73400000000038,"overlapping_sliding_windows",21,0.41875,1.95187165775401
"irregular",24,"longTAPIO-fullP",0.714916855143965,0.76493004486732,1.98799999999937,"overlapping_sliding_windows",21,0.41875,1.95187165775401
"irregular",24,"clusterMLD",0.811456794829038,0.826990154544828,1.21200000000044,"original_raw",NA,NA,NA
"irregular",24,"kml3d",0.669198312236287,0.706891498980457,0.36200000000008,"overlapping_sliding_windows",21,0.41875,1.95187165775401
"irregular",25,"longTAPIO-sqrtP",0.860899056841197,0.872755932492508,1.68499999999949,"overlapping_sliding_windows",21,0.420238095238095,1.94873501997337
"irregular",25,"longTAPIO-fullP",0.549426416836024,0.667036863059117,1.90499999999975,"overlapping_sliding_windows",21,0.420238095238095,1.94873501997337
"irregular",25,"clusterMLD",0.517133612359613,0.633105614724277,1.09000000000015,"original_raw",NA,NA,NA
"irregular",25,"kml3d",0.672263144826608,0.719658638497523,0.381999999999607,"overlapping_sliding_windows",21,0.420238095238095,1.94873501997337
"irregular",26,"longTAPIO-sqrtP",0.628668036195804,0.69188942037023,1.84600000000046,"overlapping_sliding_windows",21,0.426190476190476,1.946123521682
"irregular",26,"longTAPIO-fullP",0.641146161809679,0.6689691966231,1.88799999999992,"overlapping_sliding_windows",21,0.426190476190476,1.946123521682
"irregular",26,"clusterMLD",0.751061841155662,0.781914608168551,1.08299999999963,"original_raw",NA,NA,NA
"irregular",26,"kml3d",0.679645216549797,0.727849248702413,0.375999999999294,"overlapping_sliding_windows",21,0.426190476190476,1.946123521682
"irregular",27,"longTAPIO-sqrtP",0.703107202973087,0.762072807529631,1.91100000000006,"overlapping_sliding_windows",21,0.400297619047619,1.96141268803139
"irregular",27,"longTAPIO-fullP",0.684920450135817,0.745706896931601,1.88500000000022,"overlapping_sliding_windows",21,0.400297619047619,1.96141268803139
"irregular",27,"clusterMLD",0.293248459493092,0.474122611682152,1.08299999999963,"original_raw",NA,NA,NA
"irregular",27,"kml3d",0.606360068820198,0.663470144427251,0.377999999999702,"overlapping_sliding_windows",21,0.400297619047619,1.96141268803139
"irregular",28,"longTAPIO-sqrtP",0.531239116540562,0.609868074915798,1.8119999999999,"overlapping_sliding_windows",21,0.432142857142857,1.94959677419355
"irregular",28,"longTAPIO-fullP",0.589184661276812,0.67852231401955,1.95100000000002,"overlapping_sliding_windows",21,0.432142857142857,1.94959677419355
"irregular",28,"clusterMLD",0.950562274559728,0.942554011390436,1.09599999999955,"original_raw",NA,NA,NA
"irregular",28,"kml3d",0.763897204991258,0.75259627368448,0.36200000000008,"overlapping_sliding_windows",21,0.432142857142857,1.94959677419355
"irregular",29,"longTAPIO-sqrtP",0.570627713273247,0.673695667480339,1.71199999999953,"overlapping_sliding_windows",21,0.429166666666667,1.94488711819389
"irregular",29,"longTAPIO-fullP",0.570627713273247,0.673695667480339,2.01699999999983,"overlapping_sliding_windows",21,0.429166666666667,1.94488711819389
"irregular",29,"clusterMLD",0.743899851474645,0.768686020147446,1.09799999999996,"original_raw",NA,NA,NA
"irregular",29,"kml3d",0.537844148453062,0.628150819125442,0.367000000000189,"overlapping_sliding_windows",21,0.429166666666667,1.94488711819389
"irregular",30,"longTAPIO-sqrtP",0.718286887650337,0.774486109961872,1.72699999999986,"overlapping_sliding_windows",21,0.412797619047619,1.95748855461086
"irregular",30,"longTAPIO-fullP",0.718286887650337,0.774486109961872,2.06999999999971,"overlapping_sliding_windows",21,0.412797619047619,1.95748855461086
"irregular",30,"clusterMLD",0.904731593464884,0.898527909012354,1.08500000000004,"original_raw",NA,NA,NA
"irregular",30,"kml3d",0.723155319853631,0.723357391832912,0.368999999999687,"overlapping_sliding_windows",21,0.412797619047619,1.95748855461086
"nuisance",1,"longTAPIO-sqrtP",0.983226974646172,0.978804661269229,1.76200000000063,"original_regular",10,0,1
"nuisance",1,"longTAPIO-fullP",0.434831199068685,0.48571516420566,6.59899999999925,"original_regular",10,0,1
"nuisance",1,"clusterMLD",0.483532469755153,0.631799251855684,1.60399999999936,"original_raw",NA,NA,NA
"nuisance",1,"kml3d",0.717061982501958,0.724402329288645,2.03399999999965,"original_regular",10,0,1
"nuisance",2,"longTAPIO-sqrtP",0.807487418193392,0.819676812386344,1.71699999999873,"original_regular",10,0,1
"nuisance",2,"longTAPIO-fullP",0.534721826179858,0.611377051105921,6.61399999999958,"original_regular",10,0,1
"nuisance",2,"clusterMLD",0.651270803767256,0.73885382889014,1.63000000000102,"original_raw",NA,NA,NA
"nuisance",2,"kml3d",0.629219415611688,0.676808082981319,1.89500000000044,"original_regular",10,0,1
"nuisance",3,"longTAPIO-sqrtP",0.949713558243157,0.942336685447826,1.83799999999974,"original_regular",10,0,1
"nuisance",3,"longTAPIO-fullP",0.67330845623803,0.668064803603653,6.58500000000095,"original_regular",10,0,1
"nuisance",3,"clusterMLD",1,1,1.59199999999873,"original_raw",NA,NA,NA
"nuisance",3,"kml3d",0.64680186212614,0.645246473890384,1.89300000000003,"original_regular",10,0,1
"nuisance",4,"longTAPIO-sqrtP",0.966673475354552,0.957609322538457,1.85699999999997,"original_regular",10,0,1
"nuisance",4,"longTAPIO-fullP",0.525305108625965,0.573437991428806,6.6309999999994,"original_regular",10,0,1
"nuisance",4,"clusterMLD",0.966889326733625,0.963749350121208,1.61800000000039,"original_raw",NA,NA,NA
"nuisance",4,"kml3d",0.588923378274846,0.654616007572455,1.89300000000003,"original_regular",10,0,1
"nuisance",5,"longTAPIO-sqrtP",0.754357952316018,0.803776233281883,1.86499999999978,"original_regular",10,0,1
"nuisance",5,"longTAPIO-fullP",0.548299459307473,0.595202843540506,6.62799999999879,"original_regular",10,0,1
"nuisance",5,"clusterMLD",0.788423153692615,0.848953900500839,1.59500000000116,"original_raw",NA,NA,NA
"nuisance",5,"kml3d",0.752927032202331,0.774647270079015,1.92100000000028,"original_regular",10,0,1
"nuisance",6,"longTAPIO-sqrtP",0.703697939736392,0.726589370729448,1.84999999999854,"original_regular",10,0,1
"nuisance",6,"longTAPIO-fullP",0.581797969432654,0.626216089044013,6.64099999999962,"original_regular",10,0,1
"nuisance",6,"clusterMLD",1,1,1.6239999999998,"original_raw",NA,NA,NA
"nuisance",6,"kml3d",0.768912833132249,0.766298279371939,1.90700000000106,"original_regular",10,0,1
"nuisance",7,"longTAPIO-sqrtP",0.730447251998314,0.76399815311016,1.88100000000122,"original_regular",10,0,1
"nuisance",7,"longTAPIO-fullP",0.856354763420327,0.838120466898543,6.68499999999949,"original_regular",10,0,1
"nuisance",7,"clusterMLD",0.788423153692615,0.848953900500839,1.60399999999936,"original_raw",NA,NA,NA
"nuisance",7,"kml3d",0.547029819206386,0.630580773683164,1.91300000000047,"original_regular",10,0,1
"nuisance",8,"longTAPIO-sqrtP",0.88983574902355,0.892978646793383,1.77599999999984,"original_regular",10,0,1
"nuisance",8,"longTAPIO-fullP",0.647160178431443,0.627206225952063,6.55400000000009,"original_regular",10,0,1
"nuisance",8,"clusterMLD",0.748890087072239,0.822940037757852,1.70900000000074,"original_raw",NA,NA,NA
"nuisance",8,"kml3d",0.59748435171386,0.638191309324565,1.89300000000003,"original_regular",10,0,1
"nuisance",9,"longTAPIO-sqrtP",0.85802683529548,0.863116947559795,1.74800000000141,"original_regular",10,0,1
"nuisance",9,"longTAPIO-fullP",0.454456318875803,0.497707987260451,6.58600000000115,"original_regular",10,0,1
"nuisance",9,"clusterMLD",0.747699275149032,0.799518930086414,1.61800000000039,"original_raw",NA,NA,NA
"nuisance",9,"kml3d",0.650487450736362,0.696026049736872,1.90500000000065,"original_regular",10,0,1
"nuisance",10,"longTAPIO-sqrtP",0.711592324066516,0.760651158024332,1.83299999999872,"original_regular",10,0,1
"nuisance",10,"longTAPIO-fullP",0.508534922763174,0.587851821879137,6.58799999999974,"original_regular",10,0,1
"nuisance",10,"clusterMLD",0.64999862991713,0.73892385670532,1.59100000000035,"original_raw",NA,NA,NA
"nuisance",10,"kml3d",0.734541326393969,0.75284033704989,1.89699999999903,"original_regular",10,0,1
"nuisance",11,"longTAPIO-sqrtP",0.732211677760182,0.745161749473572,1.8690000000006,"original_regular",10,0,1
"nuisance",11,"longTAPIO-fullP",0.657544659825162,0.70196052070053,6.625,"original_regular",10,0,1
"nuisance",11,"clusterMLD",0.852952833927864,0.88719873517385,1.61700000000019,"original_raw",NA,NA,NA
"nuisance",11,"kml3d",0.758856648939363,0.765014460774051,1.9280000000017,"original_regular",10,0,1
"nuisance",12,"longTAPIO-sqrtP",0.734186024188904,0.737234143271925,1.83100000000013,"original_regular",10,0,1
"nuisance",12,"longTAPIO-fullP",0.684170638721864,0.726324486848344,6.61499999999978,"original_regular",10,0,1
"nuisance",12,"clusterMLD",0.636117903516254,0.718981083125906,1.61199999999917,"original_raw",NA,NA,NA
"nuisance",12,"kml3d",0.534650953530501,0.577183168323128,1.88600000000042,"original_regular",10,0,1
"nuisance",13,"longTAPIO-sqrtP",0.755760368663594,0.827819531114783,1.79599999999846,"original_regular",10,0,1
"nuisance",13,"longTAPIO-fullP",0.616275702287866,0.646766071712717,6.65800000000127,"original_regular",10,0,1
"nuisance",13,"clusterMLD",0.755760368663594,0.827819531114783,1.60800000000017,"original_raw",NA,NA,NA
"nuisance",13,"kml3d",0.642407510977308,0.668302548420508,1.89800000000105,"original_regular",10,0,1
"nuisance",14,"longTAPIO-sqrtP",0.875521257728994,0.884736941668527,1.77999999999884,"original_regular",10,0,1
"nuisance",14,"longTAPIO-fullP",0.614057804017534,0.624988105850406,6.58100000000013,"original_regular",10,0,1
"nuisance",14,"clusterMLD",0.878533231474408,0.902496636752747,1.59300000000076,"original_raw",NA,NA,NA
"nuisance",14,"kml3d",0.69670323535159,0.715702545489195,1.89999999999964,"original_regular",10,0,1
"nuisance",15,"longTAPIO-sqrtP",0.725269345713959,0.755208495032496,1.82799999999952,"original_regular",10,0,1
"nuisance",15,"longTAPIO-fullP",0.623909773845568,0.645205626098615,6.6239999999998,"original_regular",10,0,1
"nuisance",15,"clusterMLD",1,1,1.61700000000019,"original_raw",NA,NA,NA
"nuisance",15,"kml3d",0.577870459902684,0.643142619294615,1.93099999999868,"original_regular",10,0,1
"nuisance",16,"longTAPIO-sqrtP",0.724050632911392,0.737528991152951,1.84799999999996,"original_regular",10,0,1
"nuisance",16,"longTAPIO-fullP",0.715238026808453,0.740918937083898,6.65499999999884,"original_regular",10,0,1
"nuisance",16,"clusterMLD",1,1,1.6200000000008,"original_raw",NA,NA,NA
"nuisance",16,"kml3d",0.819908645276292,0.833456308910462,1.89899999999943,"original_regular",10,0,1
"nuisance",17,"longTAPIO-sqrtP",0.825377945357011,0.851057246428474,1.78100000000086,"original_regular",10,0,1
"nuisance",17,"longTAPIO-fullP",0.692115482556659,0.729050508201137,6.5669999999991,"original_regular",10,0,1
"nuisance",17,"clusterMLD",0.852952833927864,0.88719873517385,1.60000000000036,"original_raw",NA,NA,NA
"nuisance",17,"kml3d",0.628306297540079,0.66845844132666,1.98499999999876,"original_regular",10,0,1
"nuisance",18,"longTAPIO-sqrtP",0.983226974646172,0.978804661269229,1.73100000000159,"original_regular",10,0,1
"nuisance",18,"longTAPIO-fullP",0.751597243032664,0.745380569444703,6.60900000000038,"original_regular",10,0,1
"nuisance",18,"clusterMLD",1,1,1.61399999999958,"original_raw",NA,NA,NA
"nuisance",18,"kml3d",0.658457755834473,0.692774705464107,1.90600000000086,"original_regular",10,0,1
"nuisance",19,"longTAPIO-sqrtP",0.90137936829974,0.887612837719563,1.81600000000071,"original_regular",10,0,1
"nuisance",19,"longTAPIO-fullP",0.497877516930842,0.54949464633972,6.62199999999939,"original_regular",10,0,1
"nuisance",19,"clusterMLD",0.966889326733625,0.963749350121208,1.61599999999999,"original_raw",NA,NA,NA
"nuisance",19,"kml3d",0.729922458606464,0.772132903428729,1.90400000000045,"original_regular",10,0,1
"nuisance",20,"longTAPIO-sqrtP",0.878533231474408,0.902496636752747,1.89599999999882,"original_regular",10,0,1
"nuisance",20,"longTAPIO-fullP",0.47837043095558,0.505868063233418,6.69300000000112,"original_regular",10,0,1
"nuisance",20,"clusterMLD",0.86549345279939,0.894642707646344,1.59599999999955,"original_raw",NA,NA,NA
"nuisance",20,"kml3d",0.688651253559552,0.714171801520911,1.91100000000006,"original_regular",10,0,1
"nuisance",21,"longTAPIO-sqrtP",1,1,1.78999999999905,"original_regular",10,0,1
"nuisance",21,"longTAPIO-fullP",0.661764353062547,0.702055748668229,6.63999999999942,"original_regular",10,0,1
"nuisance",21,"clusterMLD",1,1,1.7510000000002,"original_raw",NA,NA,NA
"nuisance",21,"kml3d",0.690961484117223,0.706239297995228,1.89600000000064,"original_regular",10,0,1
"nuisance",22,"longTAPIO-sqrtP",0.755613177437069,0.773042269896351,1.76199999999881,"original_regular",10,0,1
"nuisance",22,"longTAPIO-fullP",0.670920721312501,0.715248063896226,6.56500000000051,"original_regular",10,0,1
"nuisance",22,"clusterMLD",0.829388373414126,0.873355651440036,1.60599999999977,"original_raw",NA,NA,NA
"nuisance",22,"kml3d",0.54735516473181,0.572874556574118,1.90699999999924,"original_regular",10,0,1
"nuisance",23,"longTAPIO-sqrtP",0.604208256962848,0.672396438557831,1.8229999999985,"original_regular",10,0,1
"nuisance",23,"longTAPIO-fullP",0.54145770838883,0.608540940026117,6.59400000000096,"original_regular",10,0,1
"nuisance",23,"clusterMLD",0.797887943678498,0.854705307768019,1.59199999999873,"original_raw",NA,NA,NA
"nuisance",23,"kml3d",0.573987094167512,0.634140618550346,1.91100000000006,"original_regular",10,0,1
"nuisance",24,"longTAPIO-sqrtP",0.848815420421316,0.861239065590704,1.84900000000016,"original_regular",10,0,1
"nuisance",24,"longTAPIO-fullP",0.534845106504104,0.554386105326375,6.61799999999857,"original_regular",10,0,1
"nuisance",24,"clusterMLD",0.807871569135163,0.860675523710856,1.6140000000014,"original_raw",NA,NA,NA
"nuisance",24,"kml3d",0.84803049962356,0.847476435583971,1.9270000000015,"original_regular",10,0,1
"nuisance",25,"longTAPIO-sqrtP",0.94990949428933,0.936416733684124,1.79100000000108,"original_regular",10,0,1
"nuisance",25,"longTAPIO-fullP",0.631208306885277,0.647970212034941,6.53799999999865,"original_regular",10,0,1
"nuisance",25,"clusterMLD",1,1,1.60699999999997,"original_raw",NA,NA,NA
"nuisance",25,"kml3d",0.6969221752285,0.752057814898651,2.01100000000042,"original_regular",10,0,1
"nuisance",26,"longTAPIO-sqrtP",0.846211259454389,0.855658244087358,1.72500000000036,"original_regular",10,0,1
"nuisance",26,"longTAPIO-fullP",0.710355165779441,0.744591101957704,6.56500000000051,"original_regular",10,0,1
"nuisance",26,"clusterMLD",0.779478094660901,0.84340394152925,1.59499999999935,"original_raw",NA,NA,NA
"nuisance",26,"kml3d",0.686050726802666,0.707879133567027,1.89799999999923,"original_regular",10,0,1
"nuisance",27,"longTAPIO-sqrtP",0.868832271254528,0.878635786679623,1.84900000000016,"original_regular",10,0,1
"nuisance",27,"longTAPIO-fullP",0.871913061570717,0.868444715099632,6.61100000000079,"original_regular",10,0,1
"nuisance",27,"clusterMLD",0.966889326733625,0.963749350121208,1.60099999999875,"original_raw",NA,NA,NA
"nuisance",27,"kml3d",0.82784833447479,0.807284642301231,1.91800000000148,"original_regular",10,0,1
"nuisance",28,"longTAPIO-sqrtP",0.807031396429269,0.835334458214303,1.83500000000095,"original_regular",10,0,1
"nuisance",28,"longTAPIO-fullP",0.706332398676494,0.729067280697554,6.63299999999981,"original_regular",10,0,1
"nuisance",28,"clusterMLD",0.788423153692615,0.848953900500839,1.58199999999852,"original_raw",NA,NA,NA
"nuisance",28,"kml3d",0.872822250798191,0.859522612672924,1.92200000000048,"original_regular",10,0,1
"nuisance",29,"longTAPIO-sqrtP",0.916613621896881,0.900171452573658,1.79000000000087,"original_regular",10,0,1
"nuisance",29,"longTAPIO-fullP",0.399643314681339,0.457343595294867,6.5619999999999,"original_regular",10,0,1
"nuisance",29,"clusterMLD",0.802978657703773,0.835174262665915,1.59299999999894,"original_raw",NA,NA,NA
"nuisance",29,"kml3d",0.604630906003396,0.620270785104599,2.00699999999961,"original_regular",10,0,1
"nuisance",30,"longTAPIO-sqrtP",0.559952188040201,0.650417096225784,1.73600000000079,"original_regular",10,0,1
"nuisance",30,"longTAPIO-fullP",0.269051653518566,0.314090696046652,6.58699999999953,"original_regular",10,0,1
"nuisance",30,"clusterMLD",0.617035252901248,0.697368121040589,1.59699999999975,"original_raw",NA,NA,NA
"nuisance",30,"kml3d",0.572224115041648,0.608465812288822,1.92000000000007,"original_regular",10,0,1
"imbalanced",1,"longTAPIO-sqrtP",0.619501431138483,0.732647709506946,1.64600000000064,"original_regular",10,0,1
"imbalanced",1,"longTAPIO-fullP",0.64998287826798,0.744709362890144,1.83100000000013,"original_regular",10,0,1
"imbalanced",1,"clusterMLD",0.478232334281339,0.69472885566135,1.13899999999921,"original_raw",NA,NA,NA
"imbalanced",1,"kml3d",0.498914244150453,0.587700146629735,0.34900000000016,"original_regular",10,0,1
"imbalanced",2,"longTAPIO-sqrtP",0.520917073325222,0.649434605768217,1.58199999999852,"original_regular",10,0,1
"imbalanced",2,"longTAPIO-fullP",0.517845511438167,0.648378321075902,1.94499999999971,"original_regular",10,0,1
"imbalanced",2,"clusterMLD",0.621577595318655,0.727132609092679,1.13100000000122,"original_raw",NA,NA,NA
"imbalanced",2,"kml3d",0.488040139543288,0.563625076281338,0.352999999999156,"original_regular",10,0,1
"imbalanced",3,"longTAPIO-sqrtP",0.59360733835526,0.720857583315925,1.56400000000031,"original_regular",10,0,1
"imbalanced",3,"longTAPIO-fullP",0.495572949460808,0.630232991066958,1.86299999999937,"original_regular",10,0,1
"imbalanced",3,"clusterMLD",0.580326174436777,0.716749024483494,1.14599999999882,"original_raw",NA,NA,NA
"imbalanced",3,"kml3d",0.530943724338453,0.629269867088388,0.356999999999971,"original_regular",10,0,1
"imbalanced",4,"longTAPIO-sqrtP",0.65060247529079,0.734818582511767,1.65400000000045,"original_regular",10,0,1
"imbalanced",4,"longTAPIO-fullP",0.720474396633254,0.749535102873427,1.82400000000052,"original_regular",10,0,1
"imbalanced",4,"clusterMLD",0.703298916122306,0.740405340714933,1.13700000000063,"original_raw",NA,NA,NA
"imbalanced",4,"kml3d",0.701934240355478,0.728100196072639,0.359999999998763,"original_regular",10,0,1
"imbalanced",5,"longTAPIO-sqrtP",0.576674310786729,0.715706838794878,1.58300000000054,"original_regular",10,0,1
"imbalanced",5,"longTAPIO-fullP",0.580326174436777,0.716749024483494,1.94700000000012,"original_regular",10,0,1
"imbalanced",5,"clusterMLD",0.59360733835526,0.720857583315925,1.13199999999961,"original_raw",NA,NA,NA
"imbalanced",5,"kml3d",0.596853815389441,0.654003454673966,0.35399999999936,"original_regular",10,0,1
"imbalanced",6,"longTAPIO-sqrtP",0.743862988461589,0.782650774911508,1.5619999999999,"original_regular",10,0,1
"imbalanced",6,"longTAPIO-fullP",0.848552035202627,0.848582654901932,1.87099999999919,"original_regular",10,0,1
"imbalanced",6,"clusterMLD",0.406451074496692,0.574130416933925,1.1309999999994,"original_raw",NA,NA,NA
"imbalanced",6,"kml3d",0.651400629569372,0.70028778192562,0.359000000000378,"original_regular",10,0,1
"imbalanced",7,"longTAPIO-sqrtP",0.580326174436777,0.716749024483494,1.65500000000065,"original_regular",10,0,1
"imbalanced",7,"longTAPIO-fullP",0.592331636011735,0.722599452477944,1.82999999999993,"original_regular",10,0,1
"imbalanced",7,"clusterMLD",0.564258922934204,0.71289016106037,1.15800000000127,"original_raw",NA,NA,NA
"imbalanced",7,"kml3d",0.561427946958104,0.66087097288854,0.355999999999767,"original_regular",10,0,1
"imbalanced",8,"longTAPIO-sqrtP",0.568504221223126,0.695264662846267,1.57499999999891,"original_regular",10,0,1
"imbalanced",8,"longTAPIO-fullP",0.562000892959194,0.700896768257036,1.94599999999991,"original_regular",10,0,1
"imbalanced",8,"clusterMLD",0.446256352062649,0.590094554401471,1.14099999999962,"original_raw",NA,NA,NA
"imbalanced",8,"kml3d",0.529003391188822,0.610452600390311,0.34900000000016,"original_regular",10,0,1
"imbalanced",9,"longTAPIO-sqrtP",0.589323748524268,0.731899083356151,1.5619999999999,"original_regular",10,0,1
"imbalanced",9,"longTAPIO-fullP",0.56202241391093,0.712874132653924,1.86299999999937,"original_regular",10,0,1
"imbalanced",9,"clusterMLD",0.612842384514592,0.72374399247813,1.14799999999923,"original_raw",NA,NA,NA
"imbalanced",9,"kml3d",0.511471932569378,0.641823136945941,0.354999999999563,"original_regular",10,0,1
"imbalanced",10,"longTAPIO-sqrtP",0.72148067180964,0.771852434692949,1.65799999999945,"original_regular",10,0,1
"imbalanced",10,"longTAPIO-fullP",0.700453989335774,0.762254160332644,1.82700000000114,"original_regular",10,0,1
"imbalanced",10,"clusterMLD",0.632427230352452,0.751382666421936,1.13600000000042,"original_raw",NA,NA,NA
"imbalanced",10,"kml3d",0.638327795658379,0.684433465124797,0.355999999999767,"original_regular",10,0,1
"imbalanced",11,"longTAPIO-sqrtP",0.898689453777795,0.892222929628145,1.58499999999913,"original_regular",10,0,1
"imbalanced",11,"longTAPIO-fullP",0.978902380490182,0.969662523974823,1.94800000000032,"original_regular",10,0,1
"imbalanced",11,"clusterMLD",0.470045511806423,0.600304966117741,1.13500000000022,"original_raw",NA,NA,NA
"imbalanced",11,"kml3d",0.648825989064008,0.683541540665986,0.360999999998967,"original_regular",10,0,1
"imbalanced",12,"longTAPIO-sqrtP",0.566163545205145,0.652901851282931,1.55999999999949,"original_regular",10,0,1
"imbalanced",12,"longTAPIO-fullP",0.566163545205145,0.652901851282931,1.97999999999956,"original_regular",10,0,1
"imbalanced",12,"clusterMLD",0.52129256953229,0.681002957857992,1.14600000000064,"original_raw",NA,NA,NA
"imbalanced",12,"kml3d",0.539588655874737,0.650499160492945,0.351000000000568,"original_regular",10,0,1
"imbalanced",13,"longTAPIO-sqrtP",0.564615328806561,0.716728658447427,1.5630000000001,"original_regular",10,0,1
"imbalanced",13,"longTAPIO-fullP",0.623414075214651,0.731141626429961,1.86000000000058,"original_regular",10,0,1
"imbalanced",13,"clusterMLD",0.553320322351086,0.694644952254384,1.1359999999986,"original_raw",NA,NA,NA
"imbalanced",13,"kml3d",0.499346944022732,0.589401419345229,0.361000000000786,"original_regular",10,0,1
"imbalanced",14,"longTAPIO-sqrtP",0.623414075214651,0.731141626429961,1.6989999999987,"original_regular",10,0,1
"imbalanced",14,"longTAPIO-fullP",0.616693610142091,0.728724427195339,1.82200000000012,"original_regular",10,0,1
"imbalanced",14,"clusterMLD",0.561381811100907,0.71201313559785,1.13500000000022,"original_raw",NA,NA,NA
"imbalanced",14,"kml3d",0.621061068342987,0.713910440096374,0.352999999999156,"original_regular",10,0,1
"imbalanced",15,"longTAPIO-sqrtP",0.56202241391093,0.712874132653924,1.58100000000013,"original_regular",10,0,1
"imbalanced",15,"longTAPIO-fullP",0.56202241391093,0.712874132653924,1.98799999999937,"original_regular",10,0,1
"imbalanced",15,"clusterMLD",0.446256352062649,0.590094554401471,1.15099999999984,"original_raw",NA,NA,NA
"imbalanced",15,"kml3d",0.522752633524977,0.630735206275425,0.361999999999171,"original_regular",10,0,1
"imbalanced",16,"longTAPIO-sqrtP",0.525770362997279,0.656599954519083,1.58599999999933,"original_regular",10,0,1
"imbalanced",16,"longTAPIO-fullP",0.572743287833896,0.697997637082404,1.8690000000006,"original_regular",10,0,1
"imbalanced",16,"clusterMLD",0.548082490669292,0.693003052594248,1.16700000000128,"original_raw",NA,NA,NA
"imbalanced",16,"kml3d",0.534179311122927,0.630143682356396,0.35399999999936,"original_regular",10,0,1
"imbalanced",17,"longTAPIO-sqrtP",0.55532493829445,0.693274021791941,1.68399999999929,"original_regular",10,0,1
"imbalanced",17,"longTAPIO-fullP",0.562280830223478,0.694926631008026,1.84100000000035,"original_regular",10,0,1
"imbalanced",17,"clusterMLD",0.329243815408122,0.5337427057792,1.13899999999921,"original_raw",NA,NA,NA
"imbalanced",17,"kml3d",0.483667581422941,0.579633043264452,0.360000000000582,"original_regular",10,0,1
"imbalanced",18,"longTAPIO-sqrtP",0.491463996669049,0.628768633580206,1.57999999999993,"original_regular",10,0,1
"imbalanced",18,"longTAPIO-fullP",0.500069540860601,0.631859983644136,1.97299999999996,"original_regular",10,0,1
"imbalanced",18,"clusterMLD",0.710986900331193,0.779451825463554,1.14500000000044,"original_raw",NA,NA,NA
"imbalanced",18,"kml3d",0.470737886597257,0.581377224066057,0.359000000000378,"original_regular",10,0,1
"imbalanced",19,"longTAPIO-sqrtP",0.779902387292325,0.801443037662795,1.57099999999991,"original_regular",10,0,1
"imbalanced",19,"longTAPIO-fullP",0.729314704243429,0.795326917479258,1.88000000000102,"original_regular",10,0,1
"imbalanced",19,"clusterMLD",0.281296405933442,0.450232485430455,1.14300000000003,"original_raw",NA,NA,NA
"imbalanced",19,"kml3d",0.544150184436569,0.611147186480451,0.372000000001208,"original_regular",10,0,1
"imbalanced",20,"longTAPIO-sqrtP",0.573988609787607,0.722758789890284,1.67000000000007,"original_regular",10,0,1
"imbalanced",20,"longTAPIO-fullP",0.407201787484596,0.577655520126803,1.83499999999913,"original_regular",10,0,1
"imbalanced",20,"clusterMLD",0.819257236174408,0.844190552579763,1.13799999999901,"original_raw",NA,NA,NA
"imbalanced",20,"kml3d",0.653344581584535,0.703721134654159,0.372000000001208,"original_regular",10,0,1
"imbalanced",21,"longTAPIO-sqrtP",0.646208739377028,0.703083658864656,1.59300000000076,"original_regular",10,0,1
"imbalanced",21,"longTAPIO-fullP",0.592804948251264,0.691989885086057,1.97799999999916,"original_regular",10,0,1
"imbalanced",21,"clusterMLD",0.330178662543502,0.533897626379866,1.13800000000083,"original_raw",NA,NA,NA
"imbalanced",21,"kml3d",0.516580987486983,0.610726710998428,0.351000000000568,"original_regular",10,0,1
"imbalanced",22,"longTAPIO-sqrtP",0.560033554914172,0.688288291700994,1.56099999999969,"original_regular",10,0,1
"imbalanced",22,"longTAPIO-fullP",0.509518633736025,0.627627278769116,1.86800000000039,"original_regular",10,0,1
"imbalanced",22,"clusterMLD",0.598805750445365,0.72256209351019,1.13600000000042,"original_raw",NA,NA,NA
"imbalanced",22,"kml3d",0.536355357792368,0.617691488105861,0.364999999999782,"original_regular",10,0,1
"imbalanced",23,"longTAPIO-sqrtP",0.51316725265699,0.645107968928987,1.65299999999843,"original_regular",10,0,1
"imbalanced",23,"longTAPIO-fullP",0.561341491929759,0.713499190249521,1.82700000000114,"original_regular",10,0,1
"imbalanced",23,"clusterMLD",0.46870433779686,0.609167098582756,1.12799999999879,"original_raw",NA,NA,NA
"imbalanced",23,"kml3d",0.530137172438249,0.624830096804289,0.34900000000016,"original_regular",10,0,1
"imbalanced",24,"longTAPIO-sqrtP",0.57032442544853,0.698820399964422,1.58399999999892,"original_regular",10,0,1
"imbalanced",24,"longTAPIO-fullP",0.516105178470351,0.618966829660638,1.94500000000153,"original_regular",10,0,1
"imbalanced",24,"clusterMLD",0.483237440909942,0.595367222229224,1.13400000000001,"original_raw",NA,NA,NA
"imbalanced",24,"kml3d",0.506884169574629,0.590999567605954,0.351000000000568,"original_regular",10,0,1
"imbalanced",25,"longTAPIO-sqrtP",0.51568032563711,0.64135476683796,1.56999999999971,"original_regular",10,0,1
"imbalanced",25,"longTAPIO-fullP",0.56314524269141,0.68851081462435,1.875,"original_regular",10,0,1
"imbalanced",25,"clusterMLD",0.682530913444097,0.731765927273665,1.13400000000001,"original_raw",NA,NA,NA
"imbalanced",25,"kml3d",0.534028503252636,0.582117701635337,0.363999999999578,"original_regular",10,0,1
"imbalanced",26,"longTAPIO-sqrtP",0.613746618985077,0.711162884636997,1.65899999999965,"original_regular",10,0,1
"imbalanced",26,"longTAPIO-fullP",0.459027973097284,0.600099375890827,1.82599999999911,"original_regular",10,0,1
"imbalanced",26,"clusterMLD",0.599565795664466,0.721744449712798,1.13900000000103,"original_raw",NA,NA,NA
"imbalanced",26,"kml3d",0.461064809261931,0.586223259754721,0.354999999999563,"original_regular",10,0,1
"imbalanced",27,"longTAPIO-sqrtP",0.732504475913149,0.77709288845417,1.58299999999872,"original_regular",10,0,1
"imbalanced",27,"longTAPIO-fullP",0.632427230352452,0.751382666421936,1.95000000000073,"original_regular",10,0,1
"imbalanced",27,"clusterMLD",0.503441248149113,0.644545499586307,1.13299999999981,"original_raw",NA,NA,NA
"imbalanced",27,"kml3d",0.521703922365979,0.621517188401274,0.363999999999578,"original_regular",10,0,1
"imbalanced",28,"longTAPIO-sqrtP",0.630509818988542,0.733748390516817,1.5619999999999,"original_regular",10,0,1
"imbalanced",28,"longTAPIO-fullP",0.623414075214651,0.731141626429961,1.86700000000019,"original_regular",10,0,1
"imbalanced",28,"clusterMLD",0.422384480149285,0.584706378816156,1.13900000000103,"original_raw",NA,NA,NA
"imbalanced",28,"kml3d",0.561582300763145,0.65187888983209,0.365999999999985,"original_regular",10,0,1
"imbalanced",29,"longTAPIO-sqrtP",0.568054984432826,0.713540834133997,1.65900000000147,"original_regular",10,0,1
"imbalanced",29,"longTAPIO-fullP",0.547221059758344,0.653497384326779,1.82800000000134,"original_regular",10,0,1
"imbalanced",29,"clusterMLD",0.655428312840688,0.740974145979111,1.13299999999981,"original_raw",NA,NA,NA
"imbalanced",29,"kml3d",0.469406780728901,0.567407907006865,0.364999999999782,"original_regular",10,0,1
"imbalanced",30,"longTAPIO-sqrtP",0.562945900175018,0.712802550314986,1.58899999999994,"original_regular",10,0,1
"imbalanced",30,"longTAPIO-fullP",0.564258922934204,0.71289016106037,1.98400000000038,"original_regular",10,0,1
"imbalanced",30,"clusterMLD",0.448406571821451,0.685505343814606,1.13299999999981,"original_raw",NA,NA,NA
"imbalanced",30,"kml3d",0.531668983185528,0.650321814112614,0.34900000000016,"original_regular",10,0,1
