"Experiment","Structure","Condition","N","P","Signal","Noise","SignalFraction","Method","ARI_Mean","NMI_Mean","Time_Mean","ARI_SD","NMI_SD","Time_SD"
"DIMENSIONALITY","BALANCED","N120_P10_S4",120,10,4,6,0.4,"kml3d",0.545331432305771,0.594527815386216,0.316649999999891,0.140298049066654,0.127208637729113,0.00306551275033308
"DIMENSIONALITY","BALANCED","N120_P10_S4",120,10,4,6,0.4,"longTAPIO",0.755664129621683,0.807712912648751,0.995549999999912,0.0846948575972287,0.063268314674011,0.0392836848417219
"DIMENSIONALITY","BALANCED","N120_P100_S40",120,100,40,60,0.4,"kml3d",0.67615640908864,0.731731354619563,5.26985,0.0843725346567009,0.060937423364985,0.0619093352369576
"DIMENSIONALITY","BALANCED","N120_P100_S40",120,100,40,60,0.4,"longTAPIO",0.775001520847475,0.824468386642749,1.18364999999994,0.122433677109076,0.0902677646209424,0.0311723139644555
"DIMENSIONALITY","BALANCED","N120_P25_S10",120,25,10,15,0.4,"kml3d",0.683550569872627,0.733379108518531,0.595550000000139,0.0642199963725501,0.0488060163206338,0.0060041652209286
"DIMENSIONALITY","BALANCED","N120_P25_S10",120,25,10,15,0.4,"longTAPIO",0.748469171480341,0.803676885914233,1.03360000000007,0.0548156949553671,0.0386395568105072,0.0386446700894091
"DIMENSIONALITY","BALANCED","N120_P50_S20",120,50,20,30,0.4,"kml3d",0.673259370416947,0.730266875589269,1.6302000000001,0.0778114851817194,0.0540861736112025,0.0423762594907182
"DIMENSIONALITY","BALANCED","N120_P50_S20",120,50,20,30,0.4,"longTAPIO",0.765510369016633,0.821751062148101,1.13094999999998,0.131026638517162,0.0964861035730078,0.0326052546620268
"DIMENSIONALITY","BALANCED","N200_P10_S4",200,10,4,6,0.4,"kml3d",0.605883082045122,0.648924070339358,0.718299999999999,0.109739120195681,0.0983188176251759,0.147831020176156
"DIMENSIONALITY","BALANCED","N200_P10_S4",200,10,4,6,0.4,"longTAPIO",0.735025640224264,0.784492672877625,3.03624999999997,0.103371452714457,0.0797758334966805,0.593367719041164
"DIMENSIONALITY","BALANCED","N200_P100_S40",200,100,40,60,0.4,"kml3d",0.713905401147035,0.754737548699424,14.0098499999999,0.052724360732488,0.0393172752533367,0.98819480686549
"DIMENSIONALITY","BALANCED","N200_P100_S40",200,100,40,60,0.4,"longTAPIO",0.775774636820555,0.82425903345346,3.80679999999988,0.0791989313081192,0.0606037844958906,0.224375296510638
"DIMENSIONALITY","BALANCED","N200_P25_S10",200,25,10,15,0.4,"kml3d",0.688331839964063,0.727933180735152,1.51415000000006,0.0663261220102822,0.0510630056485795,0.0763711677478448
"DIMENSIONALITY","BALANCED","N200_P25_S10",200,25,10,15,0.4,"longTAPIO",0.766033967435243,0.815840041391134,3.40745000000015,0.0874801686667356,0.0636770382772304,0.193402899613582
"DIMENSIONALITY","BALANCED","N200_P50_S20",200,50,20,30,0.4,"kml3d",0.692626228110481,0.735145920645068,4.12209999999996,0.0591530187152946,0.0412834066734844,0.206092952968198
"DIMENSIONALITY","BALANCED","N200_P50_S20",200,50,20,30,0.4,"longTAPIO",0.774530968606764,0.821958700142365,3.61030000000001,0.0658582242772435,0.0471431545344741,0.21435560714791
"DIMENSIONALITY","BALANCED","N80_P10_S4",80,10,4,6,0.4,"kml3d",0.416442638865305,0.491150223763251,0.242999999999938,0.158598402367906,0.145355685674324,0.00215211034736723
"DIMENSIONALITY","BALANCED","N80_P10_S4",80,10,4,6,0.4,"longTAPIO",0.69134072452203,0.762962065185055,0.588450000000057,0.091476521545062,0.0654708760078492,0.0217048987921018
"DIMENSIONALITY","BALANCED","N80_P100_S40",80,100,40,60,0.4,"kml3d",0.667097335061755,0.733395824961729,3.70855000000001,0.0867511548716959,0.0619580370245582,0.058548652733083
"DIMENSIONALITY","BALANCED","N80_P100_S40",80,100,40,60,0.4,"longTAPIO",0.74939499106914,0.805870354437667,0.759250000000202,0.120275211768513,0.0912240464446118,0.0430298244182932
"DIMENSIONALITY","BALANCED","N80_P25_S10",80,25,10,15,0.4,"kml3d",0.638310701200265,0.700655717695985,0.456550000000016,0.106584433339588,0.0807862724706469,0.00330031896386756
"DIMENSIONALITY","BALANCED","N80_P25_S10",80,25,10,15,0.4,"longTAPIO",0.735629223155048,0.793571693422429,0.60939999999996,0.0919619899582762,0.0711055192879306,0.0304741478011384
"DIMENSIONALITY","BALANCED","N80_P50_S20",80,50,20,30,0.4,"kml3d",0.666309599178928,0.731396873682207,1.07374999999979,0.0568620235392003,0.0384891309486327,0.023355096366975
"DIMENSIONALITY","BALANCED","N80_P50_S20",80,50,20,30,0.4,"longTAPIO",0.729605180116312,0.790411469154096,0.684349999999904,0.0963274059576049,0.0678713071061612,0.0292381779979487
"DIMENSIONALITY","IMBALANCED","N120_P10_S4",120,10,4,6,0.4,"kml3d",0.142329040586249,0.193899781454795,0.313400000000092,0.0735787558554696,0.0801377813667999,0.00290915071700331
"DIMENSIONALITY","IMBALANCED","N120_P10_S4",120,10,4,6,0.4,"longTAPIO",0.388752742708687,0.520873357673229,0.967399999999952,0.135121104950877,0.137982242419087,0.0312113339739017
"DIMENSIONALITY","IMBALANCED","N120_P100_S40",120,100,40,60,0.4,"kml3d",0.43123354392961,0.540369111997908,5.19620000000004,0.0816961796916426,0.0714597252720247,0.0604810540145806
"DIMENSIONALITY","IMBALANCED","N120_P100_S40",120,100,40,60,0.4,"longTAPIO",0.468394517222393,0.599417688416994,1.18095000000008,0.0990632826351881,0.0752671879967529,0.0409138697367901
"DIMENSIONALITY","IMBALANCED","N120_P25_S10",120,25,10,15,0.4,"kml3d",0.333482761360706,0.43154903126547,0.581899999999996,0.082193331574405,0.0814239465108802,0.00372615224143529
"DIMENSIONALITY","IMBALANCED","N120_P25_S10",120,25,10,15,0.4,"longTAPIO",0.435035907524261,0.55979920063085,0.997699999999986,0.111854129391324,0.0909728319382327,0.0318716174676263
"DIMENSIONALITY","IMBALANCED","N120_P50_S20",120,50,20,30,0.4,"kml3d",0.349848157062226,0.456036167503268,1.58230000000008,0.155311371545808,0.143447965121935,0.0225390888528458
"DIMENSIONALITY","IMBALANCED","N120_P50_S20",120,50,20,30,0.4,"longTAPIO",0.426859937883105,0.569674899697579,1.09635000000003,0.121861868845255,0.101390828379562,0.0285754311106706
"DIMENSIONALITY","IMBALANCED","N200_P10_S4",200,10,4,6,0.4,"kml3d",0.177906849530094,0.209360058596265,0.499250000000029,0.100662681530563,0.117773953496986,0.0305319073827332
"DIMENSIONALITY","IMBALANCED","N200_P10_S4",200,10,4,6,0.4,"longTAPIO",0.388288165904412,0.512092020254271,2.1982500000001,0.12292654343003,0.1184171920824,0.064339457485033
"DIMENSIONALITY","IMBALANCED","N200_P100_S40",200,100,40,60,0.4,"kml3d",0.377360303466907,0.498948346249026,14.3434,0.0991517773615515,0.0967888438921389,0.743018410198906
"DIMENSIONALITY","IMBALANCED","N200_P100_S40",200,100,40,60,0.4,"longTAPIO",0.390628586974151,0.557627046262464,4.0054000000001,0.1292727618831,0.103176591191231,0.243286359320715
"DIMENSIONALITY","IMBALANCED","N200_P25_S10",200,25,10,15,0.4,"kml3d",0.37505908232357,0.455546740480842,1.27065000000002,0.109164504867191,0.111612079247272,0.323405119088456
"DIMENSIONALITY","IMBALANCED","N200_P25_S10",200,25,10,15,0.4,"longTAPIO",0.434109065286708,0.568076807885053,2.91989999999996,0.151745167595631,0.121019444706487,0.720792611972163
"DIMENSIONALITY","IMBALANCED","N200_P50_S20",200,50,20,30,0.4,"kml3d",0.398240886724993,0.506243165177849,4.12544999999996,0.104694901252368,0.0976934416461346,0.2022480173606
"DIMENSIONALITY","IMBALANCED","N200_P50_S20",200,50,20,30,0.4,"longTAPIO",0.450759668709043,0.592050840887832,3.67059999999988,0.0915630032239391,0.0666631522846796,0.228342632670253
"DIMENSIONALITY","IMBALANCED","N80_P10_S4",80,10,4,6,0.4,"kml3d",0.133697767748476,0.186742126134164,0.39389999999994,0.0619664733657602,0.0598587629551701,0.0030244616745934
"DIMENSIONALITY","IMBALANCED","N80_P10_S4",80,10,4,6,0.4,"longTAPIO",0.340166803651441,0.465600169294923,0.84724999999994,0.105225459190257,0.0960498348841396,0.00793974015226615
"DIMENSIONALITY","IMBALANCED","N80_P100_S40",80,100,40,60,0.4,"kml3d",0.38722326554959,0.510635041407087,3.98500000000017,0.148836393612002,0.123041145516917,0.791140682146469
"DIMENSIONALITY","IMBALANCED","N80_P100_S40",80,100,40,60,0.4,"longTAPIO",0.445659409495145,0.586583659968308,0.794399999999996,0.120928795873597,0.0878681754517869,0.17805067285832
"DIMENSIONALITY","IMBALANCED","N80_P25_S10",80,25,10,15,0.4,"kml3d",0.276979195048735,0.393396458137933,0.718700000000035,0.0901968953448158,0.0825308967886037,0.0311770833517403
"DIMENSIONALITY","IMBALANCED","N80_P25_S10",80,25,10,15,0.4,"longTAPIO",0.413872441399567,0.557520502907231,0.894700000000057,0.124982715790098,0.103930916012407,0.0304977997481841
"DIMENSIONALITY","IMBALANCED","N80_P50_S20",80,50,20,30,0.4,"kml3d",0.343139804976562,0.451058913350028,1.63059999999987,0.125749139455752,0.123933627135628,0.00965401470904397
"DIMENSIONALITY","IMBALANCED","N80_P50_S20",80,50,20,30,0.4,"longTAPIO",0.421957651059921,0.559769013174908,0.987450000000035,0.137662745987853,0.109123573227644,0.0305363889912396
"NUISANCE","BALANCED","N120_P100_S8",120,100,8,92,0.08,"kml3d",0.145146777860559,0.183216092386522,8.18454999999981,0.0540616430143387,0.05249815721815,0.50838717891399
"NUISANCE","BALANCED","N120_P100_S8",120,100,8,92,0.08,"longTAPIO",0.47719679368813,0.526319846932687,1.83755000000001,0.106150510283472,0.102454943039193,0.111668906759504
"NUISANCE","BALANCED","N120_P16_S8",120,16,8,8,0.5,"kml3d",0.679911415812648,0.722346420462345,0.69985000000006,0.0723744939423654,0.0542771822000353,0.0318272888540082
"NUISANCE","BALANCED","N120_P16_S8",120,16,8,8,0.5,"longTAPIO",0.757916633408748,0.805961800029552,1.4969000000001,0.115575507922032,0.0874566873237781,0.0925731005605203
"NUISANCE","BALANCED","N120_P32_S8",120,32,8,24,0.25,"kml3d",0.603906779740553,0.6569174441621,1.61985,0.100946520694538,0.0837835738475212,0.0465032822836759
"NUISANCE","BALANCED","N120_P32_S8",120,32,8,24,0.25,"longTAPIO",0.737806254107748,0.793039317312979,1.68514999999993,0.0857253548126419,0.0687492274774089,0.0878654922985283
"NUISANCE","BALANCED","N120_P64_S8",120,64,8,56,0.125,"kml3d",0.321138885311224,0.366607774004824,5.74409999999998,0.124199894484393,0.117484950014065,0.147499830508365
"NUISANCE","BALANCED","N120_P64_S8",120,64,8,56,0.125,"longTAPIO",0.635103503606255,0.692374540319303,1.77449999999994,0.104993159285268,0.08584506544458,0.0808133001038272
"NUISANCE","BALANCED","N120_P8_S8",120,8,8,0,1,"kml3d",0.694018215814545,0.745379548380779,0.470000000000027,0.0664147837803219,0.0512334374964084,0.0131829235636101
"NUISANCE","BALANCED","N120_P8_S8",120,8,8,0,1,"longTAPIO",0.775371772339991,0.828603726236078,1.44075000000003,0.105959493098064,0.0814638866324539,0.0722807938382762
"NUISANCE","IMBALANCED","N120_P100_S8",120,100,8,92,0.08,"kml3d",0.0713672392913541,0.114585497160701,8.21384999999991,0.0386962538642242,0.0364618746300913,0.635301194627265
"NUISANCE","IMBALANCED","N120_P100_S8",120,100,8,92,0.08,"longTAPIO",0.162003876302339,0.22669276636864,1.84355,0.11120188040869,0.119557044590871,0.168542818236173
"NUISANCE","IMBALANCED","N120_P16_S8",120,16,8,8,0.5,"kml3d",0.302222419399539,0.406495988762609,0.719599999999946,0.128607751847695,0.119145863909061,0.0738714388225542
"NUISANCE","IMBALANCED","N120_P16_S8",120,16,8,8,0.5,"longTAPIO",0.402946360945066,0.537651910547897,1.59190000000012,0.12123972477851,0.0981234704971514,0.182979406376584
"NUISANCE","IMBALANCED","N120_P32_S8",120,32,8,24,0.25,"kml3d",0.233370720487998,0.302095113244823,1.60374999999999,0.124508719744006,0.114363832186548,0.046073025559425
"NUISANCE","IMBALANCED","N120_P32_S8",120,32,8,24,0.25,"longTAPIO",0.384427128352807,0.525865754855174,1.63339999999989,0.0979328700230552,0.0899938929323544,0.106880356129298
"NUISANCE","IMBALANCED","N120_P64_S8",120,64,8,56,0.125,"kml3d",0.114513714477745,0.152779044463728,5.60199999999991,0.0700941945724891,0.0648933284809733,0.200721592995639
"NUISANCE","IMBALANCED","N120_P64_S8",120,64,8,56,0.125,"longTAPIO",0.266517511703377,0.368530578528196,1.7436999999999,0.0884762457612501,0.0935806831648176,0.113096651725789
"NUISANCE","IMBALANCED","N120_P8_S8",120,8,8,0,1,"kml3d",0.385345066090991,0.488239329081937,0.467699999999877,0.135098547754004,0.1252823507801,0.0117835746521029
"NUISANCE","IMBALANCED","N120_P8_S8",120,8,8,0,1,"longTAPIO",0.411014004584464,0.546672014868489,1.40889999999999,0.159626248292298,0.130951546083513,0.0491687748581319
