"eta","sigma","run","Original_Train_ARI","Original_Train_NMI","Inductive_Train_ARI","Inductive_Train_NMI","Between_Methods_ARI","Between_Methods_NMI","Delta_Train_ARI","Delta_Train_NMI","Inductive_Test_ARI","Inductive_Test_NMI","Inductive_Test_Margin","Test_Minus_Train_ARI","Test_Minus_Train_NMI","Time_Original","Time_Inductive_Fit","Time_Inductive_Predict"
5,3,1,0.96035931572747,0.952415780167003,0.96035931572747,0.952415780167003,1,1,0,0,1,1,0.290168568935263,0.0396406842725295,0.0475842198329969,0.554999999999993,1.514,3.107
5,3,2,0.980548781947076,0.976445227867886,0.980548781947076,0.976445227867886,1,1,0,0,0.956580019449628,0.954921783339525,0.277334452260702,-0.0239687624974483,-0.0215234445283613,0.640000000000001,1.50399999999999,3.12299999999999
5,3,3,0.960653149852533,0.95268437276998,0.960653149852533,0.95268437276998,1,1,0,0,0.924156855620363,0.925208464442672,0.300761086194429,-0.0364962942321699,-0.0274759083273083,0.540000000000006,1.51900000000001,3.129
5,3,4,0.981458417177792,0.976260587416063,0.981458417177792,0.976260587416063,1,1,0,0,1,1,0.286430809046132,0.0185415828222081,0.0237394125839367,0.542000000000002,1.53400000000001,3.211
5,3,5,0.961815274015521,0.952271021206114,0.961815274015521,0.952271021206114,1,1,0,0,1,1,0.276129897903769,0.0381847259844794,0.0477289787938857,0.545000000000002,1.535,3.13699999999999
5,3,6,0.962187611602238,0.960195698570079,0.962187611602238,0.960195698570079,1,1,0,0,1,1,0.277205883909119,0.037812388397762,0.0398043014299212,0.542999999999978,1.542,3.12899999999999
5,3,7,0.979865653859553,0.975563910107943,0.979865653859553,0.975563910107943,1,1,0,0,0.910609822818905,0.904347289114702,0.275281328781513,-0.0692558310406481,-0.0712166209932413,0.538999999999987,1.63600000000002,3.124
5,3,8,0.88407898332622,0.905252176407589,0.88407898332622,0.905252176407589,1,1,0,0,0.90595450096925,0.920976450819693,0.260002221144868,0.0218755176430296,0.0157242744121038,0.545000000000016,1.54400000000001,3.12799999999999
5,3,9,1,1,1,1,1,1,0,0,1,1,0.333968221490519,0,0,0.545000000000016,1.54399999999998,3.13299999999998
5,3,10,1,1,1,1,1,1,0,0,0.951309502727665,0.95177566135989,0.265938739748116,-0.048690497272335,-0.0482243386401098,0.536000000000001,1.547,3.12800000000001
5,3,11,0.979797970030039,0.976111553949244,0.979797970030039,0.976111553949244,1,1,0,0,1,1,0.30125952952953,0.0202020299699613,0.0238884460507559,0.548000000000002,1.54500000000002,3.143
5,3,12,0.943345719381095,0.929499967596205,0.943345719381095,0.929499967596205,1,1,0,0,1,1,0.283164692255281,0.0566542806189054,0.070500032403795,0.545000000000016,1.547,3.12100000000001
5,3,13,0.925311755402609,0.912642357609915,0.925311755402609,0.912642357609915,1,1,0,0,1,1,0.273292078752464,0.0746882445973911,0.0873576423900848,0.538999999999987,1.55099999999999,3.13399999999999
5,3,14,0.981395588559036,0.976441854181337,0.981395588559036,0.976441854181337,1,1,0,0,1,1,0.275584065203596,0.0186044114409639,0.0235581458186633,0.548000000000002,1.54399999999998,3.14400000000001
5,3,15,1,1,1,1,1,1,0,0,1,1,0.277021084617025,0,0,0.549000000000007,1.54500000000002,3.131
5,3,16,0.98170687623533,0.976565846240636,0.98170687623533,0.976565846240636,1,1,0,0,1,1,0.254150337469924,0.0182931237646701,0.0234341537593635,0.537999999999982,1.55000000000001,3.131
5,3,17,1,1,1,1,1,1,0,0,0.956438964449765,0.954991890472938,0.28015403400249,-0.0435610355502349,-0.0450081095270618,0.548000000000002,1.55099999999999,3.22999999999999
5,3,18,0.941103927729098,0.928816516139119,0.941103927729098,0.928816516139119,1,1,0,0,1,1,0.28461193287037,0.058896072270902,0.0711834838608815,0.546000000000021,1.548,3.13399999999999
5,3,19,0.981390320157517,0.976445227867887,0.981390320157517,0.976445227867887,1,1,0,0,1,1,0.27727193287037,0.0186096798424833,0.0235547721321134,0.534999999999997,1.547,3.13
5,3,20,0.980548781947076,0.976445227867886,0.980548781947076,0.976445227867886,1,1,0,0,0.907406923032659,0.922953852844204,0.28474783970659,-0.0731418589144177,-0.0534913750236823,0.641999999999996,1.55000000000001,3.28399999999996
5,5,1,0.637994918996105,0.646478490450242,0.637994918996105,0.646478490450242,1,1,0,0,0.791727147016637,0.789337947438781,0.153589374674842,0.153732228020532,0.14285945698854,0.546000000000049,1.553,3.21699999999998
5,5,2,0.679458328820345,0.702473878883419,0.679458328820345,0.702473878883419,1,1,0,0,0.792813727445353,0.81168965425634,0.150937312507364,0.113355398625008,0.109215775372921,0.541999999999973,1.54699999999997,3.21100000000001
5,5,3,0.765272544377461,0.759392656671061,0.765272544377461,0.759392656671061,1,1,0,0,0.74356547911157,0.742773455424461,0.161886662237292,-0.0217070652658916,-0.0166192012465997,0.547000000000025,1.54700000000003,3.125
5,5,4,0.699746627751325,0.720051057351127,0.699746627751325,0.720051057351127,1,1,0,0,0.761919543084182,0.82250879462011,0.167079390756938,0.0621729153328568,0.102457737268983,0.579000000000008,1.54699999999997,3.21299999999997
5,5,5,0.81258348724536,0.861973673432077,0.81258348724536,0.861973673432077,1,1,0,0,0.788266682506447,0.849687726767249,0.17008236073975,-0.024316804738913,-0.0122859466648283,0.540999999999997,1.63999999999999,3.12900000000002
5,5,6,0.824591333215557,0.821043254689476,0.824591333215557,0.821043254689476,1,1,0,0,0.860656873969944,0.877143519685832,0.145562988946198,0.0360655407543875,0.0561002649963555,0.545000000000016,1.54599999999999,3.12099999999998
5,5,7,0.701576623790143,0.71389659489391,0.701576623790143,0.71389659489391,1,1,0,0,0.637339916993056,0.649307166928851,0.172218589419839,-0.0642367067970869,-0.0645894279650592,0.547000000000025,1.54599999999999,3.13600000000002
5,5,8,0.751616629701341,0.788859312656345,0.751616629701341,0.788859312656345,1,1,0,0,0.645834923057357,0.686920548653326,0.168727163182931,-0.105781706643984,-0.101938764003019,0.533999999999992,1.54999999999995,3.13600000000002
5,5,9,0.765560132454663,0.77737762557908,0.765560132454663,0.77737762557908,1,1,0,0,0.944884122267765,0.91762721431974,0.171429366048927,0.179323989813102,0.140249588740659,0.548999999999978,1.55000000000001,3.13200000000001
5,5,10,0.59059820396428,0.659016375529233,0.59059820396428,0.659016375529233,1,1,0,0,0.87923985662029,0.868400278245312,0.180146066810345,0.288641652656011,0.209383902716079,0.547000000000025,1.55000000000001,3.13600000000002
5,5,11,0.844239657542718,0.824902393566186,0.844239657542718,0.824902393566186,1,1,0,0,0.731742402835932,0.776806873644666,0.162386336850284,-0.112497254706786,-0.0480955199215197,0.535000000000025,1.54599999999999,3.125
5,5,12,0.832844067835498,0.816764579562667,0.832844067835498,0.816764579562667,1,1,0,0,0.833781444638654,0.815933557592918,0.201589375268981,0.000937376803156642,-0.000831021969749046,0.550999999999988,1.54899999999998,3.14999999999998
5,5,13,0.815227835342133,0.819980014036841,0.815227835342133,0.819980014036841,1,1,0,0,0.733192643955381,0.758949329273915,0.187505865697807,-0.0820351913867512,-0.0610306847629264,0.548999999999978,1.54500000000002,3.13900000000001
5,5,14,0.814265304940989,0.809659329488175,0.814265304940989,0.809659329488175,1,1,0,0,0.924153735664199,0.912320488391647,0.190209014778325,0.10988843072321,0.102661158903472,0.537000000000035,1.54999999999995,3.12900000000002
5,5,15,0.895843588413974,0.888629353813356,0.895843588413974,0.888629353813356,1,1,0,0,0.861106509422611,0.8803041699354,0.197826343101343,-0.0347370789913631,-0.00832518387795633,0.545999999999992,1.54899999999998,3.22699999999998
5,5,16,0.714369975740855,0.715536942008351,0.714369975740855,0.715536942008351,1,1,0,0,0.886874083299875,0.899021536363778,0.187908809047713,0.172504107559019,0.183484594355427,0.548999999999978,1.548,3.13300000000004
5,5,17,0.869248615563048,0.857045526054064,0.869248615563048,0.857045526054064,1,1,0,0,0.86671527075386,0.862897195155726,0.161604890046296,-0.00253334480918843,0.00585166910166157,0.54000000000002,1.55200000000002,3.14000000000004
5,5,18,0.754368209639047,0.791122595140843,0.754368209639047,0.791122595140843,1,1,0,0,0.741167254210732,0.745680844523762,0.130817861147823,-0.013200955428315,-0.0454417506170819,0.63900000000001,1.54899999999998,3.137
5,5,19,0.662498321015679,0.756517513587672,0.662498321015679,0.756517513587672,1,1,0,0,0.778721436263831,0.781050623429874,0.185238644985662,0.116223115248152,0.024533109842202,0.550000000000011,1.548,3.15000000000003
5,5,20,0.804513190791279,0.80416718616465,0.804513190791279,0.80416718616465,1,1,0,0,0.711389799921936,0.70317077781039,0.154651804320691,-0.0931233908693431,-0.10099640835426,0.537000000000035,1.55100000000004,3.22399999999999
5,7,1,0.294617931925119,0.372204640422367,0.294617931925119,0.372204640422367,1,1,0,0,0.295467446724728,0.342182020307175,0.102912871876661,0.000849514799608542,-0.030022620115192,0.548999999999978,1.54499999999996,3.13600000000002
5,7,2,0.44352904160813,0.521272240558453,0.44352904160813,0.521272240558453,1,1,0,0,0.509148924297534,0.543474571195622,0.119825237235852,0.0656198826894046,0.0222023306371697,0.550000000000011,1.548,3.13499999999999
5,7,3,0.39501447836072,0.473368092221381,0.39501447836072,0.473368092221381,1,1,0,0,0.457105958520608,0.48485260446537,0.094062318927571,0.0620914801598877,0.0114845122439892,0.536999999999978,1.64000000000004,3.13200000000001
5,7,4,0.240735617899153,0.343582813677898,0.240735617899153,0.343582813677898,1,1,0,0,0.228524548782027,0.340739967236281,0.0702534881026681,-0.0122110691171261,-0.00284284644161698,0.552000000000021,1.55000000000001,3.14300000000003
5,7,5,0.393984901894417,0.426419829286572,0.393984901894417,0.426419829286572,1,1,0,0,0.500801704732408,0.585222875499133,0.124403580891331,0.106816802837992,0.158803046212561,0.550000000000011,1.54700000000003,3.13300000000004
5,7,6,0.50540297246364,0.542126979940013,0.50540297246364,0.542126979940013,1,1,0,0,0.665248226950355,0.662553385533735,0.11252975398795,0.159845254486714,0.120426405593723,0.539000000000044,1.54900000000004,3.13100000000003
5,7,7,0.429482835572854,0.447894647218117,0.429482835572854,0.447894647218117,1,1,0,0,0.630586437251954,0.625525874371225,0.114616636118397,0.201103601679099,0.177631227153108,0.548999999999978,1.54599999999999,3.14799999999997
5,7,8,0.355743714407873,0.415537002872811,0.355743714407873,0.415537002872811,1,1,0,0,0.534397119833297,0.563537033220235,0.113313394170032,0.178653405425424,0.148000030347424,0.548000000000002,1.54899999999998,3.154
5,7,9,0.373988449097362,0.407747304737213,0.373988449097362,0.407747304737213,1,1,0,0,0.524181366650452,0.589598144382711,0.113436195071011,0.15019291755309,0.181850839645498,0.539999999999964,1.55099999999999,3.13900000000001
5,7,10,0.431787811224507,0.496526054601304,0.431787811224507,0.496526054601304,1,1,0,0,0.509709369199249,0.557028964733271,0.12488744975051,0.0779215579747421,0.0605029101319667,0.550000000000011,1.55099999999999,3.13100000000009
5,7,11,0.412322910358708,0.481789065635692,0.412322910358708,0.481789065635692,1,1,0,0,0.298253524280102,0.417243160191375,0.116433045812224,-0.114069386078606,-0.064545905444317,0.548999999999978,1.54700000000003,3.13200000000006
5,7,12,0.407928216161805,0.435473950695898,0.407928216161805,0.435473950695898,1,1,0,0,0.317023776783259,0.429230182733738,0.10157585125448,-0.0909044393785467,-0.00624376796215975,0.535999999999945,1.55100000000004,3.13900000000001
5,7,13,0.484069535149831,0.514717319713484,0.484069535149831,0.514717319713484,1,1,0,0,0.600953144207493,0.590066016657627,0.117057661893109,0.116883609057663,0.0753486969441434,0.547000000000025,1.54899999999998,3.23199999999997
5,7,14,0.342785210585904,0.401099426839828,0.342785210585904,0.401099426839828,1,1,0,0,0.469421702404159,0.475198346165821,0.118003825170748,0.126636491818255,0.0740989193259925,0.548000000000002,1.548,3.13499999999999
5,7,15,0.451603590998861,0.514356623107239,0.451603590998861,0.514356623107239,1,1,0,0,0.326089930494319,0.404867560850568,0.0979118399608866,-0.125513660504542,-0.109489062256672,0.54200000000003,1.54999999999995,3.14599999999996
5,7,16,0.493625862409043,0.533853791601084,0.493625862409043,0.533853791601084,1,1,0,0,0.359570555786227,0.410158890612726,0.102509937532705,-0.134055306622816,-0.123694900988357,0.645999999999958,1.55000000000007,3.14999999999998
5,7,17,0.416859227799666,0.463729613012299,0.416859227799666,0.463729613012299,1,1,0,0,0.534004111007001,0.554200638605118,0.126664642703632,0.117144883207335,0.0904710255928195,0.549999999999955,1.54999999999995,3.149
5,7,18,0.643385216693387,0.662483527662791,0.643385216693387,0.662483527662791,1,1,0,0,0.45124998926495,0.501823925757081,0.111299704131653,-0.192135227428438,-0.160659601905709,0.541000000000054,1.54900000000009,3.22399999999993
5,7,19,0.303980478953072,0.392731348365118,0.303980478953072,0.392731348365118,1,1,0,0,0.359075444467794,0.42655322560192,0.117881074906218,0.055094965514722,0.0338218772368023,0.547000000000025,1.55000000000007,3.14200000000005
5,7,20,0.520544612713036,0.577842011089757,0.520544612713036,0.577842011089757,1,1,0,0,0.677718043198744,0.683511107454415,0.10846067620651,0.157173430485708,0.105669096364658,0.549999999999955,1.54600000000005,3.12
10,3,1,0.85322479935922,0.84371439670275,0.85322479935922,0.84371439670275,1,1,0,0,0.958431839175839,0.954043975804905,0.171649871031746,0.105207039816619,0.110329579102155,0.536999999999921,1.64499999999998,3.13200000000006
10,3,2,0.850925314230018,0.843535049905973,0.850925314230018,0.843535049905973,1,1,0,0,0.769614844613673,0.856756002117527,0.209149849041625,-0.0813104696163448,0.0132209522115544,0.544999999999959,1.54700000000003,3.14300000000003
10,3,3,0.855441544242781,0.839773651036955,0.855441544242781,0.839773651036955,1,1,0,0,0.948634481477735,0.949988270832953,0.210872809011164,0.0931929372349537,0.110214619795998,0.549000000000092,1.548,3.13300000000004
10,3,4,0.833991922920584,0.842019396067087,0.833991922920584,0.842019396067087,1,1,0,0,0.952647249190938,0.953092607154221,0.193332294528388,0.118655326270354,0.111073211087133,0.537000000000035,1.54900000000009,3.12199999999996
10,3,5,0.926744865706906,0.920943310348122,0.926744865706906,0.920943310348122,1,1,0,0,1,1,0.190616502866503,0.0732551342930945,0.079056689651878,0.544999999999959,1.54700000000003,3.1350000000001
10,3,6,0.772181622438263,0.766228832931983,0.772181622438263,0.766228832931983,1,1,0,0,0.870977430930638,0.883167403045257,0.179986026799849,0.0987958084923748,0.116938570113274,0.547000000000025,1.54700000000003,3.14599999999996
10,3,7,0.947900379367352,0.936974195101854,0.947900379367352,0.936974195101854,1,1,0,0,1,1,0.186914481509744,0.0520996206326476,0.0630258048981461,0.538000000000011,1.54999999999995,3.13900000000001
10,3,8,0.789985899621846,0.789972369620603,0.789985899621846,0.789972369620603,1,1,0,0,0.796273821795451,0.830069427789026,0.154300983560091,0.00628792217360497,0.0400970581684224,0.550000000000068,1.54899999999998,3.14499999999998
10,3,9,0.820042127356748,0.807648351244487,0.820042127356748,0.807648351244487,1,1,0,0,0.816326428139849,0.829897664058307,0.16235615471485,-0.00371569921689918,0.0222493128138208,0.545999999999935,1.54499999999996,3.13700000000006
10,3,10,0.83467307318666,0.819164733550153,0.83467307318666,0.819164733550153,1,1,0,0,0.916796807671616,0.911173650658765,0.195548408319185,0.0821237344849564,0.0920089171086119,0.540000000000077,1.55000000000007,3.13700000000006
10,3,11,0.795832738712574,0.803058120951663,0.795832738712574,0.803058120951663,1,1,0,0,1,1,0.21114353857617,0.204167261287426,0.196941879048337,0.548000000000002,1.54399999999998,3.22699999999998
10,3,12,0.945396599518775,0.936616063756996,0.945396599518775,0.936616063756996,1,1,0,0,1,1,0.195782178055071,0.0546034004812255,0.0633839362430038,0.548000000000002,1.54599999999994,3.13499999999999
10,3,13,0.894073049882047,0.874651640444496,0.894073049882047,0.874651640444496,1,1,0,0,0.960975196099216,0.955860674877496,0.196208582689833,0.0669021462171683,0.0812090344330003,0.537000000000035,1.55000000000007,3.13499999999999
10,3,14,0.874342365580876,0.877335064234204,0.874342365580876,0.877335064234204,1,1,0,0,0.865683611434485,0.864158979140788,0.195104894678332,-0.00865875414639128,-0.0131760850934164,0.63799999999992,1.54599999999994,3.1450000000001
10,3,15,0.751501397865403,0.753508486855323,0.751501397865403,0.753508486855323,1,1,0,0,0.958231877319359,0.954882914584661,0.174943676688741,0.206730479453956,0.201374427729338,0.549000000000092,1.54200000000003,3.13
10,3,16,0.924375223204476,0.906402422472784,0.924375223204476,0.906402422472784,1,1,0,0,0.869741884274583,0.881105447305445,0.180731982181762,-0.054633338929893,-0.0252969751673384,0.537000000000035,1.548,3.22000000000003
10,3,17,0.76934666029558,0.809565427614933,0.76934666029558,0.809565427614933,1,1,0,0,0.912878388355659,0.925970755273933,0.190243662742875,0.143531728060079,0.116405327659001,0.548000000000002,1.55000000000007,3.149
10,3,18,0.718951515521697,0.787236288136475,0.718951515521697,0.787236288136475,1,1,0,0,0.847824840946868,0.842259843549783,0.19207749083977,0.12887332542517,0.0550235554133087,0.544999999999959,1.54300000000001,3.13300000000004
10,3,19,0.804645080160333,0.838093482258343,0.804645080160333,0.838093482258343,1,1,0,0,0.814367479149223,0.831389210416101,0.180747848127757,0.00972239898889038,-0.00670427184224198,0.537000000000035,1.63499999999999,3.13600000000008
10,3,20,0.943489529255354,0.935999600489444,0.943489529255354,0.935999600489444,1,1,0,0,0.869961156891929,0.863569587906687,0.187295881351718,-0.0735283723634255,-0.0724300125827568,0.547000000000025,1.54000000000008,3.13799999999992
10,5,1,0.671740838141633,0.700655167143285,0.671740838141633,0.700655167143285,1,1,0,0,0.781909659533324,0.809699875156909,0.141148702426046,0.11016882139169,0.109044708013625,0.543999999999983,1.55400000000009,3.13900000000001
10,5,2,0.522947214739311,0.586625383202941,0.522947214739311,0.586625383202941,1,1,0,0,0.677926037316085,0.703763455646075,0.136417993224511,0.154978822576774,0.117138072443135,0.534999999999968,1.54700000000003,3.125
10,5,3,0.633454674464352,0.652378458704557,0.633454674464352,0.652378458704557,1,1,0,0,0.591273360868675,0.610801887543234,0.124623381309949,-0.0421813135956769,-0.0415765711613236,0.548000000000002,1.54700000000003,3.14400000000001
10,5,4,0.750656013840005,0.732993900806421,0.750656013840005,0.732993900806421,1,1,0,0,0.746640935829845,0.73108975522846,0.141285591547661,-0.00401507801015988,-0.00190414557796148,0.552000000000021,1.54599999999994,3.125
10,5,5,0.526971144997189,0.567139770510082,0.526971144997189,0.567139770510082,1,1,0,0,0.739905578651138,0.758556259586042,0.107589262080262,0.212934433653949,0.19141648907596,0.536000000000058,1.54700000000003,3.13900000000001
10,5,6,0.710090493937012,0.734670080251757,0.710090493937012,0.734670080251757,1,1,0,0,0.711826211901156,0.737101657079924,0.14162077540913,0.00173571796414429,0.00243157682816719,0.548000000000002,1.54699999999991,3.13999999999999
10,5,7,0.683275889590784,0.679715620404043,0.683275889590784,0.679715620404043,1,1,0,0,0.672301495300603,0.720848690191333,0.140521105670736,-0.0109743942901811,0.04113306978729,0.546000000000049,1.548,3.14099999999996
10,5,8,0.72281393628828,0.720867525255077,0.72281393628828,0.720867525255077,1,1,0,0,0.691004587594861,0.7404579794717,0.139333708200682,-0.0318093486934184,0.0195904542166224,0.534999999999968,1.54399999999998,3.14100000000008
10,5,9,0.458234535339703,0.485284359029691,0.458234535339703,0.485284359029691,1,1,0,0,0.719128455965055,0.747610142160747,0.131104161706349,0.260893920625352,0.262325783131056,0.548000000000002,1.548,3.23299999999995
10,5,10,0.58570390378675,0.606972048104509,0.58570390378675,0.606972048104509,1,1,0,0,0.640046929996089,0.674733295883808,0.134945951795952,0.0543430262093387,0.067761247779299,0.544999999999959,1.54599999999994,3.13900000000001
10,5,11,0.628260388319568,0.640094675353513,0.628260388319568,0.640094675353513,1,1,0,0,0.795371516948325,0.811712283052712,0.128922198270613,0.167111128628757,0.171617607699199,0.534999999999968,1.54300000000001,3.13100000000009
10,5,12,0.68396550249725,0.688229886957806,0.68396550249725,0.688229886957806,1,1,0,0,0.628788299920659,0.712576175535135,0.130037914086882,-0.0551772025765915,0.0243462885773289,0.635999999999967,1.54500000000007,3.13800000000003
10,5,13,0.705691542519182,0.739764900938212,0.705691542519182,0.739764900938212,1,1,0,0,0.746942156094242,0.755907220289035,0.148088924908425,0.0412506135750605,0.0161423193508223,0.552000000000021,1.54000000000008,3.13599999999997
10,5,14,0.720838160264178,0.717595556689115,0.720838160264178,0.717595556689115,1,1,0,0,0.565818127205827,0.621022805404588,0.129339623332641,-0.155020033058351,-0.0965727512845266,0.538000000000011,1.54600000000005,3.21600000000001
10,5,15,0.696093503973039,0.717055373410082,0.696093503973039,0.717055373410082,1,1,0,0,0.600497785959064,0.635761862579965,0.147127546296296,-0.0955957180139754,-0.0812935108301177,0.548000000000002,1.54700000000003,3.13900000000001
10,5,16,0.586352318991941,0.617472593083468,0.586352318991941,0.617472593083468,1,1,0,0,0.752285151979007,0.774848057293272,0.120808283885956,0.165932832987066,0.157375464209804,0.544999999999959,1.54399999999998,3.125
10,5,17,0.404462731894637,0.485584558970102,0.404462731894637,0.485584558970102,1,1,0,0,0.61021606282188,0.609291070730704,0.131813461152122,0.205753330927243,0.123706511760602,0.534999999999968,1.6389999999999,3.13499999999999
10,5,18,0.565743486289663,0.60232736639355,0.565743486289663,0.60232736639355,1,1,0,0,0.770719448690381,0.798376532943563,0.115422264668276,0.204975962400718,0.196049166550013,0.548000000000002,1.55200000000002,3.13800000000003
10,5,19,0.536775315886199,0.599568421113817,0.536775315886199,0.599568421113817,1,1,0,0,0.871414368483174,0.866269182832031,0.172400223214286,0.334639052596975,0.266700761718213,0.548000000000002,1.54499999999996,3.13199999999995
10,5,20,0.664574892474625,0.684976207407495,0.664574892474625,0.684976207407495,1,1,0,0,0.81679090521628,0.834408421612641,0.128756180320105,0.152216012741655,0.149432214205146,0.538000000000011,1.54900000000009,3.13099999999997
10,7,1,0.291164233619635,0.309538127776408,0.291164233619635,0.309538127776408,1,1,0,0,0.282337732959993,0.376977022089079,0.115607598039216,-0.00882650065964141,0.0674388943126705,0.548000000000002,1.548,3.14300000000003
10,7,2,0.391912953825935,0.42558727504307,0.391912953825935,0.42558727504307,1,1,0,0,0.501374252245102,0.501283719403667,0.103026599881254,0.109461298419167,0.0756964443605978,0.550999999999931,1.548,3.14499999999998
10,7,3,0.347338501075332,0.394347527330411,0.347338501075332,0.394347527330411,1,1,0,0,0.489225180570526,0.552609637938977,0.107619894809776,0.141886679495195,0.158262110608566,0.538999999999987,1.54999999999995,3.13999999999999
10,7,4,0.251801219809174,0.320995775293305,0.251801219809174,0.320995775293305,1,1,0,0,0.325327884580479,0.389037890721099,0.107041458184948,0.0735266647713044,0.0680421154277935,0.550999999999931,1.54899999999998,3.13999999999999
10,7,5,0.597579399844825,0.6037435730045,0.597579399844825,0.6037435730045,1,1,0,0,0.794126110788498,0.811661786643651,0.110899993919611,0.196546710943673,0.207918213639152,0.543999999999983,1.54399999999998,3.1389999999999
10,7,6,0.449613834352818,0.493047006292806,0.449613834352818,0.493047006292806,1,1,0,0,0.381119941862159,0.444100142311007,0.0933041782859442,-0.0684938924906585,-0.0489468639817987,0.537000000000035,1.54599999999994,3.13499999999999
10,7,7,0.429558096170126,0.484165301448817,0.429558096170126,0.484165301448817,1,1,0,0,0.442253756522012,0.552783454942971,0.10070597718254,0.0126956603518852,0.068618153494154,0.548000000000002,1.54899999999998,3.23099999999999
10,7,8,0.329157304830484,0.37038625490845,0.329157304830484,0.37038625490845,1,1,0,0,0.416213773604833,0.508980833086923,0.109046686814096,0.0870564687743482,0.138594578178472,0.548999999999978,1.54899999999998,3.14600000000007
10,7,9,0.631675581770385,0.676840410747263,0.631675581770385,0.676840410747263,1,1,0,0,0.653761311179926,0.700277675769438,0.124652341764842,0.0220857294095402,0.0234372650221754,0.538000000000011,1.54999999999995,3.13600000000008
10,7,10,0.30902642218216,0.385861145152877,0.30902642218216,0.385861145152877,1,1,0,0,0.248343552004366,0.33895336342705,0.0929630030144242,-0.0606828701777942,-0.0469077817258269,0.63900000000001,1.548,3.13300000000004
10,7,11,0.438818692764718,0.466808540176356,0.438818692764718,0.466808540176356,1,1,0,0,0.387694057711415,0.459066914424033,0.0999610568667038,-0.0511246350533024,-0.0077416257523234,0.548000000000002,1.54299999999989,3.12400000000002
10,7,12,0.496996637863892,0.547706736763764,0.496996637863892,0.547706736763764,1,1,0,0,0.425767650671297,0.468416613860321,0.112241225741871,-0.071228987192595,-0.0792901229034428,0.537000000000035,1.54700000000003,3.21800000000007
10,7,13,0.387726133365878,0.435904638164054,0.387726133365878,0.435904638164054,1,1,0,0,0.335255456864391,0.448359304237883,0.0989326367981217,-0.0524706765014878,0.0124546660738289,0.548000000000002,1.54399999999987,3.13599999999997
10,7,14,0.289108669983743,0.354688845792818,0.289108669983743,0.354688845792818,1,1,0,0,0.349813485924784,0.488969654408223,0.0915760501979252,0.0607048159410408,0.134280808615405,0.549999999999955,1.54899999999998,3.14399999999978
10,7,15,0.382871273795403,0.427445030906762,0.382871273795403,0.427445030906762,1,1,0,0,0.640216132767271,0.652796632978207,0.0959942867843326,0.257344858971868,0.225351602071445,0.538000000000011,1.64100000000008,3.1400000000001
10,7,16,0.432849442790056,0.478735564823833,0.432849442790056,0.478735564823833,1,1,0,0,0.478030949270919,0.543158643480401,0.0940286808099308,0.0451815064808637,0.0644230786565682,0.547000000000025,1.548,3.14499999999998
10,7,17,0.336160781760062,0.396548415963343,0.336160781760062,0.396548415963343,1,1,0,0,0.479046527147966,0.538987022004737,0.104147192460655,0.142885745387904,0.142438606041394,0.576000000000022,1.56299999999987,3.20399999999995
10,7,18,0.425887377813285,0.482512290259405,0.425887377813285,0.482512290259405,1,1,0,0,0.501686622891721,0.559537574221776,0.0905182993716687,0.0757992450784367,0.0770252839623713,0.538999999999987,1.55899999999997,3.37099999999987
10,7,19,0.429244815303531,0.425410125125926,0.429244815303531,0.425410125125926,1,1,0,0,0.376467484716858,0.431229772373206,0.0951704745007547,-0.0527773305866723,0.00581964724727996,0.58400000000006,1.58600000000001,3.15899999999988
10,7,20,0.505330544723216,0.532473946008387,0.505330544723216,0.532473946008387,1,1,0,0,0.488502048915226,0.583474263684262,0.0947562730493652,-0.0168284958079905,0.0510003176758745,0.567999999999984,1.58999999999992,3.28600000000006
15,3,1,0.785090548570801,0.767061824781722,0.785090548570801,0.767061824781722,1,1,0,0,0.718306587728852,0.767997597213415,0.132515104617605,-0.0667839608419494,0.000935772431692961,0.552999999999884,1.59300000000007,3.42700000000013
15,3,2,0.718864640051114,0.719499502908402,0.718864640051114,0.719499502908402,1,1,0,0,0.855260355886437,0.858596472065665,0.122438996812244,0.136395715835323,0.139096969157264,0.595000000000027,1.66100000000006,3.45799999999986
15,3,3,0.7312869812303,0.730375853308498,0.7312869812303,0.730375853308498,1,1,0,0,0.685577544948907,0.70453344893086,0.13966448852457,-0.0457094362813935,-0.0258424043776384,0.571999999999889,1.64300000000003,3.279
15,3,4,0.570388955878377,0.569515215963234,0.570388955878377,0.569515215963234,1,1,0,0,0.628393650793651,0.719548170708128,0.103746386459989,0.0580046949152734,0.150032954744894,0.566000000000031,1.63999999999987,3.27299999999991
15,3,5,0.712934313620234,0.740343207149606,0.712934313620234,0.740343207149606,1,1,0,0,0.793847322445879,0.783608964124724,0.154731245143745,0.0809130088256457,0.0432657569751185,0.562000000000126,1.59400000000005,3.40199999999982
15,3,6,0.700792837897681,0.69755412322524,0.700792837897681,0.69755412322524,1,1,0,0,0.765771872817585,0.800805744960376,0.121433177276656,0.064979034919904,0.103251621735136,0.562999999999874,1.596,3.26400000000012
15,3,7,0.65925265234436,0.67154517094958,0.65925265234436,0.67154517094958,1,1,0,0,0.790783414944489,0.84163598064493,0.113355138687795,0.131530762600129,0.17009080969535,0.548999999999978,1.58799999999997,3.23300000000017
15,3,8,0.509869357939615,0.552050246218287,0.509869357939615,0.552050246218287,1,1,0,0,0.822451186513108,0.803977267797688,0.117946554273231,0.312581828573493,0.2519270215794,0.651999999999816,1.59199999999987,3.24599999999987
15,3,9,0.656902086105418,0.661263626329859,0.656902086105418,0.661263626329859,1,1,0,0,0.909618984063149,0.910786516818492,0.117566381740196,0.25271689795773,0.249522890488633,0.558999999999969,1.5920000000001,3.23800000000006
15,3,10,0.61096943494329,0.623300989521577,0.61096943494329,0.623300989521577,1,1,0,0,0.79500994486266,0.788897971988102,0.11599903171525,0.18404050991937,0.165596982466525,0.546000000000049,1.58699999999999,3.32100000000014
15,3,11,0.586840628068685,0.612021262257262,0.586840628068685,0.612021262257262,1,1,0,0,0.948265635074146,0.952308535427047,0.119039715498166,0.361425007005461,0.340287273169785,0.562000000000126,1.5920000000001,3.22800000000007
15,3,12,0.786912036809369,0.77778223217737,0.786912036809369,0.77778223217737,1,1,0,0,0.765908347166433,0.78338021489487,0.137386023067886,-0.0210036896429365,0.00559798271750001,0.558999999999969,1.59099999999989,3.23099999999999
15,3,13,0.530684759715099,0.554686888889248,0.530684759715099,0.554686888889248,1,1,0,0,0.676930772133349,0.726015014229863,0.120146351323797,0.14624601241825,0.171328125340615,0.54099999999994,1.64400000000001,3.15499999999997
15,3,14,0.613989817389096,0.663956426462947,0.613989817389096,0.663956426462947,1,1,0,0,0.832114419788833,0.812731463343878,0.160319816835336,0.218124602399737,0.148775036880931,0.549999999999955,1.54599999999982,3.16300000000001
15,3,15,0.479484069044822,0.54118823872156,0.479484069044822,0.54118823872156,1,1,0,0,0.662490881323376,0.708803571373525,0.137438675856307,0.183006812278554,0.167615332651965,0.551000000000158,1.54300000000012,3.16100000000006
15,3,16,0.79552983143392,0.781687411065667,0.79552983143392,0.781687411065667,1,1,0,0,0.705200097343254,0.76566688229967,0.138199775747508,-0.0903297340906655,-0.0160205287659967,0.539999999999964,1.5440000000001,3.15900000000011
15,3,17,0.69032801565559,0.662309940278119,0.69032801565559,0.662309940278119,1,1,0,0,0.916262639890803,0.925911329343569,0.119149276960784,0.225934624235214,0.26360138906545,0.550999999999931,1.54900000000021,3.17599999999993
15,3,18,0.628501381594996,0.639680439167091,0.628501381594996,0.639680439167091,1,1,0,0,0.665797225921476,0.740077671747469,0.132236776706075,0.0372958443264804,0.100397232580378,0.561999999999898,1.55200000000013,3.16000000000008
15,3,19,0.528423672202178,0.551830156904273,0.528423672202178,0.551830156904273,1,1,0,0,0.752946513285688,0.780597892537906,0.140271924603175,0.224522841083511,0.228767735633633,0.542999999999893,1.55399999999986,3.1690000000001
15,3,20,0.421166561376424,0.478713328312199,0.421166561376424,0.478713328312199,1,1,0,0,0.568669985246473,0.672086739266807,0.118771921709257,0.147503423870049,0.193373410954608,0.550000000000182,1.548,3.173
15,5,1,0.471989148776904,0.524088609887091,0.471989148776904,0.524088609887091,1,1,0,0,0.353876017272878,0.450471015013728,0.103484302422723,-0.118113131504025,-0.0736175948733631,0.549999999999955,1.54700000000003,3.16200000000003
15,5,2,0.644410424884188,0.653294957564507,0.644410424884188,0.653294957564507,1,1,0,0,0.740226243636572,0.763086382348177,0.116446838942308,0.0958158187523838,0.10979142478367,0.541999999999916,1.54700000000003,3.15199999999982
15,5,3,0.432905532050518,0.490770298118143,0.432905532050518,0.490770298118143,1,1,0,0,0.447017147809787,0.511211831501309,0.105243966397475,0.0141116157592684,0.0204415333831656,0.550999999999931,1.55399999999986,3.27199999999993
15,5,4,0.454192942838513,0.501864854640923,0.454192942838513,0.501864854640923,1,1,0,0,0.522792874920171,0.539053147482022,0.0996200136561901,0.0685999320816573,0.0371882928410986,0.548999999999978,1.54999999999995,3.1690000000001
15,5,5,0.372333009321616,0.392049958929506,0.372333009321616,0.392049958929506,1,1,0,0,0.448330480545691,0.520559837548854,0.0782507211042925,0.0759974712240751,0.128509878619349,0.542000000000144,1.55799999999999,3.15999999999985
15,5,6,0.41647322014508,0.447628470776585,0.41647322014508,0.447628470776585,1,1,0,0,0.552174939252487,0.563591888297009,0.0909739258210072,0.135701719107407,0.115963417520424,0.643000000000029,1.55500000000006,3.16600000000017
15,5,7,0.427004389842694,0.443473820082664,0.427004389842694,0.443473820082664,1,1,0,0,0.588964469810102,0.603705581517146,0.101575779054917,0.161960079967409,0.160231761434482,0.55399999999986,1.55600000000004,3.1690000000001
15,5,8,0.576192318835789,0.563036148167214,0.576192318835789,0.563036148167214,1,1,0,0,0.424454510041057,0.468952989856952,0.123044282407407,-0.151737808794732,-0.0940831583102613,0.54300000000012,1.55699999999979,3.24699999999984
15,5,9,0.42289071839292,0.505434488229853,0.42289071839292,0.505434488229853,1,1,0,0,0.584604208441762,0.654965651870144,0.124861874699375,0.161713490048842,0.149531163640291,0.551999999999907,1.56000000000017,3.1869999999999
15,5,10,0.644005446571441,0.648733374491313,0.644005446571441,0.648733374491313,1,1,0,0,0.560042064643971,0.618206365040555,0.117691833385984,-0.0839633819274691,-0.0305270094507576,0.553000000000111,1.55700000000002,3.16400000000021
15,5,11,0.418222298329213,0.443398820064242,0.418222298329213,0.443398820064242,1,1,0,0,0.460829192281492,0.49251381873561,0.117644734043617,0.042606893952279,0.0491149986713685,0.54300000000012,1.64800000000014,3.18299999999999
15,5,12,0.578821014298822,0.569728466511058,0.578821014298822,0.569728466511058,1,1,0,0,0.57979551180344,0.637314665968159,0.101270827024504,0.000974497504618199,0.0675861994571004,0.55399999999986,1.56200000000013,3.17699999999991
15,5,13,0.408215841432927,0.465900521742491,0.408215841432927,0.465900521742491,1,1,0,0,0.681520752976477,0.656989835900793,0.0920825893550894,0.27330491154355,0.191089314158302,0.557999999999993,1.56200000000013,3.18100000000004
15,5,14,0.435972433581483,0.493262613816675,0.435972433581483,0.493262613816675,1,1,0,0,0.539370515011803,0.646164361486931,0.102827063325957,0.10339808143032,0.152901747670256,0.545000000000073,1.5659999999998,3.16200000000003
15,5,15,0.465635496984832,0.477122918005411,0.465635496984832,0.477122918005411,1,1,0,0,0.410493605832437,0.509865467721918,0.0972946802063185,-0.0551418911523955,0.0327425497165073,0.553000000000111,1.56500000000005,3.16399999999999
15,5,16,0.37702982265132,0.422336951986442,0.37702982265132,0.422336951986442,1,1,0,0,0.397296397757239,0.49856028614472,0.0732127667422554,0.0202665751059193,0.0762233341582785,0.550999999999931,1.56399999999985,3.15000000000009
15,5,17,0.480108769565794,0.524625044498059,0.480108769565794,0.524625044498059,1,1,0,0,0.546795336469343,0.590989665318019,0.101181020781119,0.0666865669035489,0.0663646208199593,0.544000000000096,1.56200000000013,3.17400000000021
15,5,18,0.459423380309186,0.508791468297347,0.459423380309186,0.508791468297347,1,1,0,0,0.48960603827236,0.580411607045721,0.0986693609385783,0.0301826579631735,0.0716201387483738,0.557999999999993,1.55799999999999,3.18299999999999
15,5,19,0.412484833805674,0.422888938779114,0.412484833805674,0.422888938779114,1,1,0,0,0.648605536242187,0.693810723292414,0.0902783786980941,0.236120702436513,0.270921784513299,0.550000000000182,1.55799999999999,3.17799999999988
15,5,20,0.409692685107004,0.45129975440179,0.409692685107004,0.45129975440179,1,1,0,0,0.591446779265677,0.640136828405405,0.108489621605247,0.181754094158673,0.188837074003615,0.544000000000096,1.55699999999979,3.1690000000001
15,7,1,0.254112617997669,0.314020563047262,0.254112617997669,0.314020563047262,1,1,0,0,0.142736479409285,0.233551607869588,0.068503523234891,-0.111376138588384,-0.0804689551776737,0.555000000000064,1.56899999999996,3.27299999999991
15,7,2,0.313367428401305,0.342739364471923,0.313367428401305,0.342739364471923,1,1,0,0,0.353382767239866,0.428912082662583,0.0768732446816446,0.0400153388385605,0.0861727181906599,0.55600000000004,1.56600000000003,3.16800000000012
15,7,3,0.196593268349737,0.245776504276086,0.196593268349737,0.245776504276086,1,1,0,0,0.213672939747303,0.306170411618717,0.0859718121599905,0.0170796713975662,0.0603939073426309,0.542000000000144,1.55999999999995,3.17099999999982
15,7,4,0.259399551152428,0.358568856166803,0.259399551152428,0.358568856166803,1,1,0,0,0.296045883658133,0.336500329991826,0.101965468447542,0.0366463325057051,-0.0220685261749767,0.650000000000091,1.56899999999996,3.17700000000013
15,7,5,0.27244728266903,0.316186956590104,0.27244728266903,0.316186956590104,1,1,0,0,0.404906610941856,0.478935035761437,0.107067952096213,0.132459328272826,0.162748079171333,0.553000000000111,1.56700000000001,3.16399999999999
15,7,6,0.362967949366438,0.381607169280169,0.362967949366438,0.381607169280169,1,1,0,0,0.280309401155139,0.365999208999527,0.103615423351985,-0.0826585482112987,-0.0156079602806418,0.543999999999869,1.56700000000001,3.24600000000009
15,7,7,0.150016359340621,0.201186423546619,0.150016359340621,0.201186423546619,1,1,0,0,0.326214312198739,0.34997369946127,0.0716275228374891,0.176197952858119,0.148787275914651,0.554999999999836,1.56499999999983,3.17100000000005
15,7,8,0.339464184887828,0.387458103055435,0.339464184887828,0.387458103055435,1,1,0,0,0.165829500750434,0.233853682079171,0.0817713984145847,-0.173634684137394,-0.153604420976265,0.556999999999789,1.56999999999994,3.16300000000001
15,7,9,0.438082335957566,0.445102497964051,0.438082335957566,0.445102497964051,1,1,0,0,0.359099829373396,0.455180982616974,0.0890185141941392,-0.0789825065841701,0.0100784846529229,0.543999999999869,1.65800000000013,3.16200000000003
15,7,10,0.455756754691674,0.481001648834041,0.455756754691674,0.481001648834041,1,1,0,0,0.293258182428878,0.367766348879671,0.0940367066498316,-0.162498572262796,-0.11323529995437,0.555000000000064,1.56700000000001,3.17000000000007
15,7,11,0.359217473855398,0.428942912818384,0.359217473855398,0.428942912818384,1,1,0,0,0.383039197322236,0.502207317213521,0.0969079027777778,0.0238217234668382,0.0732644043951369,0.554000000000087,1.56800000000021,3.16300000000001
15,7,12,0.247450049728708,0.300392268215928,0.247450049728708,0.300392268215928,1,1,0,0,0.466170850967662,0.530568153920656,0.0836655137252548,0.218720801238955,0.230175885704728,0.544000000000096,1.56999999999994,3.202
15,7,13,0.29362615976543,0.333786889667527,0.29362615976543,0.333786889667527,1,1,0,0,0.306631718060183,0.430557104202658,0.0767817151716934,0.0130055582947527,0.0967702145351308,0.55600000000004,1.58100000000013,3.18399999999997
15,7,14,0.478620685293784,0.489068571695844,0.478620685293784,0.489068571695844,1,1,0,0,0.435656611395748,0.52245142433256,0.11380722390233,-0.0429640738980364,0.0333828526367161,0.556999999999789,1.58400000000006,3.17399999999998
15,7,15,0.429737053394984,0.469891886072323,0.429737053394984,0.469891886072323,1,1,0,0,0.509431057048272,0.610568963007125,0.0829843403298351,0.0796940036532878,0.140677076934802,0.544000000000096,1.57600000000002,3.18000000000006
15,7,16,0.24172475116361,0.307817635065612,0.24172475116361,0.307817635065612,1,1,0,0,0.443551019914634,0.508498677197937,0.0878589897424306,0.201826268751024,0.200681042132325,0.552999999999884,1.57399999999984,3.17499999999995
15,7,17,0.331650447988095,0.376947806295408,0.331650447988095,0.376947806295408,1,1,0,0,0.309028543427661,0.376067443856202,0.0956806016727559,-0.0226219045604332,-0.000880362439205806,0.55399999999986,1.57799999999997,3.16699999999992
15,7,18,0.327506859552344,0.429363675836175,0.327506859552344,0.429363675836175,1,1,0,0,0.513179411014597,0.613059974024456,0.0966020191158901,0.185672551462253,0.183696298188281,0.548000000000002,1.57999999999993,3.17100000000005
15,7,19,0.425005703354122,0.484968933811134,0.425005703354122,0.484968933811134,1,1,0,0,0.514614407063073,0.627971304813262,0.0981475626343873,0.0896087037089508,0.143002371002128,0.550999999999931,1.58699999999999,3.26099999999997
15,7,20,0.233511379952268,0.320518245196034,0.233511379952268,0.320518245196034,1,1,0,0,0.332111321285617,0.352096106643962,0.102373674342898,0.0985999413333495,0.0315778614479283,0.555000000000064,1.57600000000002,3.16399999999999
