"scenario","run","P","P_signal","P_selected","signals_retained","false_positives","signal_mass","enrichment"
"nuisance50",1,50,5,5,5,0,0.408414889078663,6.21336462640746
"nuisance50",2,50,5,5,5,0,0.396073803513053,5.90248320465847
"nuisance50",3,50,5,5,5,0,0.330949175543637,4.45189284732284
"nuisance50",4,50,5,5,5,0,0.347517105237939,4.79346504291428
"nuisance50",5,50,5,5,5,0,0.352485267605141,4.89929765260033
"nuisance50",6,50,5,5,5,0,0.411212237547722,6.28564378192127
"nuisance50",7,50,5,5,5,0,0.393356948160948,5.83574232444646
"nuisance50",8,50,5,5,5,0,0.390011804705906,5.75438388715182
"nuisance50",9,50,5,5,5,0,0.359147113590685,5.04378476069104
"nuisance50",10,50,5,5,5,0,0.405343196547724,6.13478017530543
"nuisance50",11,50,5,5,5,0,0.371533028133339,5.32056162516921
"nuisance50",12,50,5,5,5,0,0.373379516480598,5.36276061301359
"nuisance50",13,50,5,5,5,0,0.3616122377921,5.09801461242457
"nuisance50",14,50,5,5,5,0,0.406446663672136,6.1629170441199
"nuisance50",15,50,5,5,5,0,0.42634418818149,6.68885002920072
"nuisance50",16,50,5,5,5,0,0.416851641708505,6.43346538155084
"nuisance50",17,50,5,5,5,0,0.346961008356128,4.78171918547256
"nuisance50",18,50,5,5,5,0,0.408912453786428,6.22617090759703
"nuisance50",19,50,5,5,5,0,0.378780513991217,5.48763311953283
"nuisance50",20,50,5,5,5,0,0.409635263937595,6.24481299480708
"nuisance50",21,50,5,5,5,0,0.367961986184161,5.23964983635049
"nuisance50",22,50,5,5,5,0,0.385879066568181,5.65509398890927
"nuisance50",23,50,5,5,5,0,0.401112399951481,6.02786165429183
"nuisance50",24,50,5,5,5,0,0.376283114557805,5.42962377653011
"nuisance50",25,50,5,5,5,0,0.39511560382243,5.8788761238899
"nuisance50",26,50,5,5,5,0,0.410305855921853,6.26214918425119
"nuisance50",27,50,5,5,5,0,0.335640504954799,4.54688247420572
"nuisance50",28,50,5,5,5,0,0.387620030184086,5.69675764004082
"nuisance50",29,50,5,5,5,0,0.463461691143489,7.77419832179572
"nuisance50",30,50,5,5,5,0,0.405227956786496,6.13184774350481
"nuisance100",1,100,5,5,5,0,0.207116027357881,4.96315306599841
"nuisance100",2,100,5,5,5,0,0.230382749126153,5.68759630638064
"nuisance100",3,100,5,5,5,0,0.210012403914737,5.05101054010643
"nuisance100",4,100,5,5,5,0,0.165596227306068,3.77075035106461
"nuisance100",5,100,5,5,5,0,0.211627826617722,5.10029252870013
"nuisance100",6,100,5,3,3,0,0.135608180329757,2.98077257053209
"nuisance100",7,100,5,5,5,0,0.220479522371671,5.37395879298388
"nuisance100",8,100,5,5,5,0,0.210625346187907,5.06968593207816
"nuisance100",9,100,5,5,5,0,0.181633307227736,4.21697616460467
"nuisance100",10,100,5,5,5,0,0.217799142247053,5.29043616058144
"nuisance100",11,100,5,5,5,0,0.155935413478991,3.51012576929986
"nuisance100",12,100,5,5,5,0,0.213623975288757,5.16146907197075
"nuisance100",13,100,5,5,5,0,0.190433740019786,4.46935753036986
"nuisance100",14,100,5,4,4,0,0.172687886861072,3.96593957498286
"nuisance100",15,100,5,5,5,0,0.174224705873998,4.00868061221126
"nuisance100",16,100,5,5,5,0,0.184008688980855,4.28456166557664
"nuisance100",17,100,5,5,5,0,0.20412868997828,4.87320633467924
"nuisance100",18,100,5,5,5,0,0.187920386140366,4.39672080880989
"nuisance100",19,100,5,5,5,0,0.233853613752558,5.79943825495455
"nuisance100",20,100,5,3,3,0,0.119281050613205,2.57328397808273
"nuisance100",21,100,5,5,5,0,0.191710255084165,4.50642219514787
"nuisance100",22,100,5,5,5,0,0.185293295369419,4.32127610096855
"nuisance100",23,100,5,5,5,0,0.193819032249492,4.56790939014081
"nuisance100",24,100,5,5,5,0,0.188244909827359,4.40607435668702
"nuisance100",25,100,5,5,5,0,0.186124124832265,4.34508317510235
"nuisance100",26,100,5,5,5,0,0.218664350826388,5.31733406775381
"nuisance100",27,100,5,5,5,0,0.220096686030725,5.3619941852799
"nuisance100",28,100,5,5,5,0,0.199686104299002,4.74068487634821
"nuisance100",29,100,5,5,5,0,0.1915575635844,4.50198250878628
"nuisance100",30,100,5,5,5,0,0.180098049147916,4.17350261242119
"imbalanced",1,10,5,5,5,0,0.874809746656545,6.9878422903781
"imbalanced",2,10,5,5,5,0,0.848590539384679,5.60460710933154
"imbalanced",3,10,5,5,5,0,0.86075331947456,6.18149974007678
"imbalanced",4,10,5,5,5,0,0.868029065847544,6.57742609326971
"imbalanced",5,10,5,5,5,0,0.852518152406099,5.78049547327039
"imbalanced",6,10,5,5,5,0,0.88747324503764,7.88677541918361
"imbalanced",7,10,5,5,5,0,0.880606932824318,7.37569570541768
"imbalanced",8,10,5,5,5,0,0.875864380348794,7.05570554857486
"imbalanced",9,10,5,5,5,0,0.895385706711113,8.55892324616245
"imbalanced",10,10,5,5,5,0,0.881127821320514,7.41239734232761
"imbalanced",11,10,5,5,5,0,0.869801116878502,6.68055743663196
"imbalanced",12,10,5,5,5,0,0.877383297359894,7.15549577234279
"imbalanced",13,10,5,5,5,0,0.870299843758016,6.71009094340856
"imbalanced",14,10,5,5,5,0,0.862877162050552,6.29273121060008
"imbalanced",15,10,5,5,5,0,0.883013463131655,7.54799216020375
"imbalanced",16,10,5,5,5,0,0.88120585973897,7.41792362655829
"imbalanced",17,10,5,5,5,0,0.880997739141259,7.40320169368065
"imbalanced",18,10,5,5,5,0,0.862325776464925,6.26352380513143
"imbalanced",19,10,5,5,5,0,0.887684317891032,7.90347617734993
"imbalanced",20,10,5,5,5,0,0.881936711156718,7.47003340155472
"imbalanced",21,10,5,5,5,0,0.859036997600158,6.09406002266819
"imbalanced",22,10,5,5,5,0,0.860780681188806,6.18291116878815
"imbalanced",23,10,5,5,5,0,0.873094107791446,6.87985476952187
"imbalanced",24,10,5,5,5,0,0.871646448569892,6.7909803730248
"imbalanced",25,10,5,5,5,0,0.884732894933245,7.67550199530795
"imbalanced",26,10,5,5,5,0,0.883466184500669,7.58120019253762
"imbalanced",27,10,5,5,5,0,0.902917127431594,9.30047807140637
"imbalanced",28,10,5,5,5,0,0.901144778521232,9.1158035462475
"imbalanced",29,10,5,5,5,0,0.883801485972086,7.60596203286875
"imbalanced",30,10,5,5,5,0,0.873065721846722,6.87809262043828
