"visit","cluster","feature","mean_importance","sd_importance"
1,"Cluster 1","y1",0.833363023673346,0.0644697780662902
1,"Cluster 1","y2",0.924112502943231,0.0441922622929288
1,"Cluster 1","y3",0.799387445516896,0.0665779354755682
1,"Cluster 1","y4",0.795903711227405,0.059827495055882
1,"Cluster 1","y5",0.697332051164283,0.0613614773874202
1,"Cluster 2","y1",0.821381834481652,0.0637884894421964
1,"Cluster 2","y2",0.918880135359827,0.0495254307011716
1,"Cluster 2","y3",0.78808885453016,0.0533321921927459
1,"Cluster 2","y4",0.822438663521714,0.0551677529126305
1,"Cluster 2","y5",0.721384955268237,0.0718314960211494
1,"Cluster 3","y1",0.914756001085221,0.055953226607513
1,"Cluster 3","y2",0.868564479826847,0.0620983090074217
1,"Cluster 3","y3",0.7829452547366,0.0610535392076055
1,"Cluster 3","y4",0.786192166394646,0.0657698317025901
1,"Cluster 3","y5",0.680902893099589,0.0555907742375961
1,"Cluster 4","y1",0.775077848321713,0.0610577811901252
1,"Cluster 4","y2",0.812675048673407,0.0716938447207203
1,"Cluster 4","y3",0.660970982015316,0.0682287379509512
1,"Cluster 4","y4",0.96920941766237,0.0346033462883878
1,"Cluster 4","y5",0.635423680828298,0.0658412324947552
2,"Cluster 1","y1",0.844564674731692,0.0607749923431115
2,"Cluster 1","y2",0.94955094922716,0.0320874623405794
2,"Cluster 1","y3",0.795682563401301,0.0556779877854432
2,"Cluster 1","y4",0.796510883812235,0.0504715934405724
2,"Cluster 1","y5",0.685475277902963,0.0529704282089464
2,"Cluster 2","y1",0.8502538484845,0.0562255291450789
2,"Cluster 2","y2",0.90638223553019,0.0577903472853025
2,"Cluster 2","y3",0.816327626950635,0.0497826013111255
2,"Cluster 2","y4",0.805788608353473,0.0526903192394043
2,"Cluster 2","y5",0.698843098070902,0.0509475242671505
2,"Cluster 3","y1",0.935432057604805,0.0507629137406085
2,"Cluster 3","y2",0.890517582937101,0.0672389208945266
2,"Cluster 3","y3",0.804416597681279,0.0600009797877944
2,"Cluster 3","y4",0.798535945151463,0.0571721281186092
2,"Cluster 3","y5",0.701280998157224,0.0501050976649733
2,"Cluster 4","y1",0.833077920189617,0.0535032176493788
2,"Cluster 4","y2",0.840080527091015,0.0688426087284042
2,"Cluster 4","y3",0.736358519631663,0.0747421553400582
2,"Cluster 4","y4",0.963543752628964,0.0375316007557518
2,"Cluster 4","y5",0.648024704505121,0.0598116883698041
3,"Cluster 1","y1",0.86811395137248,0.0610593507467367
3,"Cluster 1","y2",0.959350312083373,0.0275216011998733
3,"Cluster 1","y3",0.800518687979239,0.0572091354604555
3,"Cluster 1","y4",0.793813617012719,0.0603535633067123
3,"Cluster 1","y5",0.676819062650904,0.0570627862210234
3,"Cluster 2","y1",0.889502842481565,0.0563271440982071
3,"Cluster 2","y2",0.891970052006492,0.0525259546231949
3,"Cluster 2","y3",0.84073356883858,0.0619011715892318
3,"Cluster 2","y4",0.808156512907376,0.0709366395497903
3,"Cluster 2","y5",0.685402229660785,0.0508572633050876
3,"Cluster 3","y1",0.941695735592805,0.047786975734913
3,"Cluster 3","y2",0.92477294282545,0.0487653122353908
3,"Cluster 3","y3",0.821950919284316,0.0607769972261958
3,"Cluster 3","y4",0.81412386181087,0.0627176980211532
3,"Cluster 3","y5",0.713505719458683,0.0493557685078323
3,"Cluster 4","y1",0.883954873764657,0.0580907571623125
3,"Cluster 4","y2",0.860581611164794,0.0714859918785121
3,"Cluster 4","y3",0.789154617993136,0.0777754015285771
3,"Cluster 4","y4",0.968095831544098,0.033715799673913
3,"Cluster 4","y5",0.657326955328494,0.0554535538036134
4,"Cluster 1","y1",0.900135858438134,0.056954642029594
4,"Cluster 1","y2",0.959291704759566,0.0349961276114725
4,"Cluster 1","y3",0.806625861272079,0.0524810015081859
4,"Cluster 1","y4",0.815068491593673,0.0538896080892447
4,"Cluster 1","y5",0.689508084974095,0.0584855852738255
4,"Cluster 2","y1",0.926259550178275,0.0395991121832984
4,"Cluster 2","y2",0.874417525343776,0.0568341217269914
4,"Cluster 2","y3",0.855988240355646,0.0510146378220032
4,"Cluster 2","y4",0.809683882398393,0.060197789104704
4,"Cluster 2","y5",0.667371061114606,0.0473480998740837
4,"Cluster 3","y1",0.938591480765389,0.0507754848237857
4,"Cluster 3","y2",0.947934810937301,0.0431663566556234
4,"Cluster 3","y3",0.840631926279685,0.0595322591731673
4,"Cluster 3","y4",0.821830709665358,0.0648098113089072
4,"Cluster 3","y5",0.723836545299816,0.0482335337645324
4,"Cluster 4","y1",0.907930694555781,0.054369147953143
4,"Cluster 4","y2",0.890650397638447,0.0681118519016779
4,"Cluster 4","y3",0.823455683778602,0.072151031643479
4,"Cluster 4","y4",0.96180553993644,0.0311040380979986
4,"Cluster 4","y5",0.668645283271841,0.0660684599538538
5,"Cluster 1","y1",0.917542364019226,0.0569858282383678
5,"Cluster 1","y2",0.966113879817527,0.0330518202950261
5,"Cluster 1","y3",0.815944060860069,0.0493628399435179
5,"Cluster 1","y4",0.81662995256101,0.0564919608451409
5,"Cluster 1","y5",0.691398584337454,0.0612092147954847
5,"Cluster 2","y1",0.950355735913772,0.0321401459810563
5,"Cluster 2","y2",0.866171266950526,0.0595474322788642
5,"Cluster 2","y3",0.858888104402963,0.0464300757487008
5,"Cluster 2","y4",0.80674804068024,0.0568725241672934
5,"Cluster 2","y5",0.670444635030763,0.0500632378552745
5,"Cluster 3","y1",0.941149382808723,0.0520572394283406
5,"Cluster 3","y2",0.95605874560721,0.0368404750348072
5,"Cluster 3","y3",0.848818471096295,0.0603073036157169
5,"Cluster 3","y4",0.825311984477313,0.0621968285105801
5,"Cluster 3","y5",0.729877538244628,0.0501986766707525
5,"Cluster 4","y1",0.916942419682474,0.0506217991383004
5,"Cluster 4","y2",0.907119495754342,0.064941937212987
5,"Cluster 4","y3",0.83771359577195,0.0677841985908344
5,"Cluster 4","y4",0.957416328037424,0.0320941393395121
5,"Cluster 4","y5",0.670225485391317,0.0683111582309709
6,"Cluster 1","y1",0.925968693642249,0.0583596721543641
6,"Cluster 1","y2",0.965150334431532,0.0370207533931423
6,"Cluster 1","y3",0.822392330024009,0.0449535639725329
6,"Cluster 1","y4",0.823834291146105,0.0566110509710095
6,"Cluster 1","y5",0.692310312840155,0.0594469480339599
6,"Cluster 2","y1",0.972162117544471,0.0279343274818879
6,"Cluster 2","y2",0.869436363581963,0.0654274051917679
6,"Cluster 2","y3",0.861343061811774,0.0505256911333966
6,"Cluster 2","y4",0.801844301509831,0.058784048139405
6,"Cluster 2","y5",0.664767401942196,0.0438580483936011
6,"Cluster 3","y1",0.942806938566132,0.0538247390319577
6,"Cluster 3","y2",0.957913394385886,0.0355739844033611
6,"Cluster 3","y3",0.862364621342776,0.0562366889053877
6,"Cluster 3","y4",0.825438253837051,0.0613785891239003
6,"Cluster 3","y5",0.733148617975397,0.0519973918475528
6,"Cluster 4","y1",0.921934248843573,0.0500340316153756
6,"Cluster 4","y2",0.918255749869385,0.0639893318956456
6,"Cluster 4","y3",0.850265808211736,0.0669394857252698
6,"Cluster 4","y4",0.949712929048078,0.035986604554736
6,"Cluster 4","y5",0.671215474596055,0.067255459904246
7,"Cluster 1","y1",0.924663620060094,0.0574784747765366
7,"Cluster 1","y2",0.965545474273907,0.0372387082596822
7,"Cluster 1","y3",0.824368107538134,0.0472661876541473
7,"Cluster 1","y4",0.829416081956651,0.0533621099532888
7,"Cluster 1","y5",0.694841988665337,0.0582468865720394
7,"Cluster 2","y1",0.976889650629499,0.0276568444989408
7,"Cluster 2","y2",0.872240928376164,0.0657036398948605
7,"Cluster 2","y3",0.858851219486483,0.0548218892827589
7,"Cluster 2","y4",0.804200964680083,0.061423914901408
7,"Cluster 2","y5",0.666461114881617,0.0429538827534067
7,"Cluster 3","y1",0.940800811270158,0.0538345813302965
7,"Cluster 3","y2",0.961055362960806,0.03585553864507
7,"Cluster 3","y3",0.865167992801575,0.0554113709438479
7,"Cluster 3","y4",0.826559015334332,0.060553330259443
7,"Cluster 3","y5",0.733263871512184,0.052042733531889
7,"Cluster 4","y1",0.92412067327559,0.0512692530865539
7,"Cluster 4","y2",0.924857790422249,0.0644483814476727
7,"Cluster 4","y3",0.850199757023754,0.0669542398577807
7,"Cluster 4","y4",0.944261796157976,0.0388214359104302
7,"Cluster 4","y5",0.674322181428955,0.0633388703272396
8,"Cluster 1","y1",0.92693466363173,0.0551578036137809
8,"Cluster 1","y2",0.96752518848545,0.0362260475987116
8,"Cluster 1","y3",0.826732260441872,0.0457950999499412
8,"Cluster 1","y4",0.83303533991998,0.053394707130616
8,"Cluster 1","y5",0.693243511726719,0.0558804123967897
8,"Cluster 2","y1",0.98205403085189,0.0222617190964544
8,"Cluster 2","y2",0.870348484387985,0.065463731077201
8,"Cluster 2","y3",0.858571040909644,0.0556032107075802
8,"Cluster 2","y4",0.803213508109813,0.0634343450900158
8,"Cluster 2","y5",0.666011028222818,0.0464033588675539
8,"Cluster 3","y1",0.940202389631535,0.0535653780262709
8,"Cluster 3","y2",0.959872806689133,0.0346457476623684
8,"Cluster 3","y3",0.868323636537089,0.0544794389244134
8,"Cluster 3","y4",0.825474525967726,0.0596678356285201
8,"Cluster 3","y5",0.735798441736367,0.0532646142580859
8,"Cluster 4","y1",0.9281309751026,0.0498663907242743
8,"Cluster 4","y2",0.927212886610615,0.0616941157070712
8,"Cluster 4","y3",0.852264036182284,0.0656405541249436
8,"Cluster 4","y4",0.943779616271693,0.0382683698206394
8,"Cluster 4","y5",0.674859003644178,0.0611124198783788
9,"Cluster 1","y1",0.922810500507723,0.0596123854788761
9,"Cluster 1","y2",0.970529333242859,0.0347694073758657
9,"Cluster 1","y3",0.828133338757005,0.0483976266228547
9,"Cluster 1","y4",0.832385459591869,0.0522845267016436
9,"Cluster 1","y5",0.698424667862089,0.0577891440691949
9,"Cluster 2","y1",0.984328779423573,0.0201189116554394
9,"Cluster 2","y2",0.869739076332952,0.067197830410041
9,"Cluster 2","y3",0.856251346327565,0.0601164686843295
9,"Cluster 2","y4",0.805149454548499,0.0694598512972384
9,"Cluster 2","y5",0.666102543793787,0.0473001297963916
9,"Cluster 3","y1",0.94023220902515,0.0542894349232459
9,"Cluster 3","y2",0.961334241431074,0.0349468475951768
9,"Cluster 3","y3",0.870440925608302,0.0545349941941449
9,"Cluster 3","y4",0.824761384627104,0.0587735502980096
9,"Cluster 3","y5",0.739066389591222,0.0559235215814076
9,"Cluster 4","y1",0.930563953753885,0.0492124311890665
9,"Cluster 4","y2",0.927709543784509,0.0622704164508558
9,"Cluster 4","y3",0.849308791295989,0.0655991952646887
9,"Cluster 4","y4",0.938794156136821,0.0444236902364518
9,"Cluster 4","y5",0.670927245659957,0.0646805208773439
10,"Cluster 1","y1",0.920521657653667,0.0598359521470332
10,"Cluster 1","y2",0.973420461320116,0.0324507682150851
10,"Cluster 1","y3",0.8275776086986,0.04701679118131
10,"Cluster 1","y4",0.83268193301541,0.0569499272546089
10,"Cluster 1","y5",0.698495307099083,0.0585446825406558
10,"Cluster 2","y1",0.985117368685622,0.0202901295976191
10,"Cluster 2","y2",0.87086162051451,0.0680596001839841
10,"Cluster 2","y3",0.859278501512441,0.0600759533787941
10,"Cluster 2","y4",0.805873883907481,0.0697023646155592
10,"Cluster 2","y5",0.664946848995368,0.0477099430267652
10,"Cluster 3","y1",0.937682923657822,0.0537138105366605
10,"Cluster 3","y2",0.964276638412323,0.0331463300165395
10,"Cluster 3","y3",0.869760392846759,0.0541700886086838
10,"Cluster 3","y4",0.825169501861723,0.0568419623028916
10,"Cluster 3","y5",0.737313928153207,0.0553991857958535
10,"Cluster 4","y1",0.929840544270758,0.0484977483625413
10,"Cluster 4","y2",0.928388257566711,0.062933703917471
10,"Cluster 4","y3",0.845873396921824,0.0645354997864516
10,"Cluster 4","y4",0.939920335883788,0.0438044154527261
10,"Cluster 4","y5",0.670715679236339,0.0604814318607076
