"visit","cluster","feature","mean_incremental","sd_incremental"
1,"Cluster 1","y1",0.833363023673346,0.0644697780662902
1,"Cluster 1","y2",0.924112502943231,0.0441922622929288
1,"Cluster 1","y3",0.799387445516896,0.0665779354755682
1,"Cluster 1","y4",0.795903711227405,0.059827495055882
1,"Cluster 1","y5",0.697332051164283,0.0613614773874202
1,"Cluster 2","y1",0.821381834481652,0.0637884894421964
1,"Cluster 2","y2",0.918880135359827,0.0495254307011716
1,"Cluster 2","y3",0.78808885453016,0.0533321921927459
1,"Cluster 2","y4",0.822438663521714,0.0551677529126305
1,"Cluster 2","y5",0.721384955268237,0.0718314960211494
1,"Cluster 3","y1",0.914756001085221,0.055953226607513
1,"Cluster 3","y2",0.868564479826847,0.0620983090074217
1,"Cluster 3","y3",0.7829452547366,0.0610535392076055
1,"Cluster 3","y4",0.786192166394646,0.0657698317025901
1,"Cluster 3","y5",0.680902893099589,0.0555907742375961
1,"Cluster 4","y1",0.775077848321713,0.0610577811901252
1,"Cluster 4","y2",0.812675048673407,0.0716938447207203
1,"Cluster 4","y3",0.660970982015316,0.0682287379509512
1,"Cluster 4","y4",0.96920941766237,0.0346033462883878
1,"Cluster 4","y5",0.635423680828298,0.0658412324947552
2,"Cluster 1","y1",0.0112016510583462,0.0431369731608021
2,"Cluster 1","y2",0.0254384462839291,0.0347740684196116
2,"Cluster 1","y3",-0.00370488211559527,0.041732076207857
2,"Cluster 1","y4",0.000607172584830355,0.0432446880357725
2,"Cluster 1","y5",-0.0118567732613198,0.0548941571947689
2,"Cluster 2","y1",0.0288720140028476,0.0515091883978525
2,"Cluster 2","y2",-0.0124978998296363,0.0462395980755864
2,"Cluster 2","y3",0.0282387724204752,0.0576967073554889
2,"Cluster 2","y4",-0.0166500551682414,0.0505788089875534
2,"Cluster 2","y5",-0.022541857197335,0.0501420438973399
2,"Cluster 3","y1",0.0206760565195842,0.0391137581578171
2,"Cluster 3","y2",0.0219531031102539,0.0410972736112221
2,"Cluster 3","y3",0.0214713429446785,0.0520480626307685
2,"Cluster 3","y4",0.0123437787568171,0.0449666057329434
2,"Cluster 3","y5",0.0203781050576357,0.0430310125997255
2,"Cluster 4","y1",0.0580000718679039,0.0347621044539094
2,"Cluster 4","y2",0.0274054784176074,0.0248343834614099
2,"Cluster 4","y3",0.075387537616347,0.0352651092097014
2,"Cluster 4","y4",-0.00566566503340601,0.0191507529913922
2,"Cluster 4","y5",0.0126010236768225,0.027128519947172
3,"Cluster 1","y1",0.0235492766407882,0.0384802270374988
3,"Cluster 1","y2",0.00979936285621347,0.0314664489980307
3,"Cluster 1","y3",0.00483612457793838,0.051119273951613
3,"Cluster 1","y4",-0.0026972667995157,0.0454231314903379
3,"Cluster 1","y5",-0.00865621525205998,0.0487638443352478
3,"Cluster 2","y1",0.0392489939970648,0.0507181513690694
3,"Cluster 2","y2",-0.0144121835236988,0.0417799589145795
3,"Cluster 2","y3",0.024405941887945,0.0489872032394243
3,"Cluster 2","y4",0.00236790455390377,0.0478705996567115
3,"Cluster 2","y5",-0.0134408684101172,0.0431985493700499
3,"Cluster 3","y1",0.00626367798799962,0.0189714402318125
3,"Cluster 3","y2",0.0342553598883496,0.0288804146610692
3,"Cluster 3","y3",0.0175343216030373,0.0311107155224151
3,"Cluster 3","y4",0.0155879166594073,0.0313354519750563
3,"Cluster 3","y5",0.012224721301459,0.0220499917871384
3,"Cluster 4","y1",0.0508769535750396,0.0247387531336715
3,"Cluster 4","y2",0.0205010840737795,0.0255634751537936
3,"Cluster 4","y3",0.0527960983614728,0.0319859237311753
3,"Cluster 4","y4",0.00455207891513487,0.0216013290726316
3,"Cluster 4","y5",0.00930225082337388,0.0196418134309813
4,"Cluster 1","y1",0.0320219070656542,0.0212199179380843
4,"Cluster 1","y2",-5.86073238074321e-05,0.0189487590533212
4,"Cluster 1","y3",0.00610717329284005,0.0286781565358899
4,"Cluster 1","y4",0.0212548745809543,0.0321529864205529
4,"Cluster 1","y5",0.0126890223231912,0.0266864670584993
4,"Cluster 2","y1",0.0367567076967099,0.0359944802050642
4,"Cluster 2","y2",-0.0175525266627153,0.0316676022553947
4,"Cluster 2","y3",0.0152546715170655,0.0354762261612248
4,"Cluster 2","y4",0.0015273694910169,0.0339841329416002
4,"Cluster 2","y5",-0.0180311685461788,0.0430789146239521
4,"Cluster 3","y1",-0.00310425482741564,0.0171011739325717
4,"Cluster 3","y2",0.0231618681118511,0.0212450523116862
4,"Cluster 3","y3",0.0186810069953693,0.0177031162530768
4,"Cluster 3","y4",0.00770684785448796,0.0260826316763688
4,"Cluster 3","y5",0.010330825841133,0.021141736353035
4,"Cluster 4","y1",0.0239758207911245,0.0120462446642961
4,"Cluster 4","y2",0.0300687864736525,0.0200700962938018
4,"Cluster 4","y3",0.0343010657854662,0.0255558057130682
4,"Cluster 4","y4",-0.00629029160765836,0.0237993111130449
4,"Cluster 4","y5",0.0113183279433462,0.0201028399208525
5,"Cluster 1","y1",0.017406505581092,0.0173873470242678
5,"Cluster 1","y2",0.00682217505796118,0.0147046060699757
5,"Cluster 1","y3",0.00931819958799013,0.0199758008828106
5,"Cluster 1","y4",0.00156146096733677,0.0235761533646401
5,"Cluster 1","y5",0.00189049936335938,0.0220752659279509
5,"Cluster 2","y1",0.0240961857354972,0.0310384486720804
5,"Cluster 2","y2",-0.00824625839325027,0.0313583088870468
5,"Cluster 2","y3",0.00289986404731793,0.0312697860010235
5,"Cluster 2","y4",-0.00293584171815372,0.0266918510886533
5,"Cluster 2","y5",0.00307357391615658,0.0243554528487363
5,"Cluster 3","y1",0.0025579020433344,0.0155251299796633
5,"Cluster 3","y2",0.00812393466990842,0.0121467781792837
5,"Cluster 3","y3",0.00818654481660926,0.0160058961964105
5,"Cluster 3","y4",0.00348127481195503,0.0168201911631364
5,"Cluster 3","y5",0.0060409929448111,0.0167376664876875
5,"Cluster 4","y1",0.00901172512669297,0.0149890320885224
5,"Cluster 4","y2",0.016469098115895,0.0159872629327583
5,"Cluster 4","y3",0.0142579119933483,0.0204116101618576
5,"Cluster 4","y4",-0.00438921189901601,0.0152294469096094
5,"Cluster 4","y5",0.00158020211947644,0.0175997056003241
6,"Cluster 1","y1",0.0084263296230225,0.0159783789420708
6,"Cluster 1","y2",-0.000963545385995124,0.0110275961561574
6,"Cluster 1","y3",0.00644826916393988,0.0171789670587622
6,"Cluster 1","y4",0.00720433858509453,0.0122820021545593
6,"Cluster 1","y5",0.000911728502700478,0.0146407500503143
6,"Cluster 2","y1",0.0218063816306989,0.022677261405507
6,"Cluster 2","y2",0.00326509663143678,0.0181064176353516
6,"Cluster 2","y3",0.00245495740881012,0.0191045040938164
6,"Cluster 2","y4",-0.00490373917040823,0.0217685744624548
6,"Cluster 2","y5",-0.00567723308856713,0.023200785652328
6,"Cluster 3","y1",0.00165755575740874,0.0145731805379183
6,"Cluster 3","y2",0.00185464877867636,0.0102913751354142
6,"Cluster 3","y3",0.0135461502464816,0.0118249889023703
6,"Cluster 3","y4",0.000126269359737818,0.0117366799882884
6,"Cluster 3","y5",0.0032710797307696,0.0151211690800798
6,"Cluster 4","y1",0.00499182916109849,0.00993550061853037
6,"Cluster 4","y2",0.0111362541150437,0.0119450598411089
6,"Cluster 4","y3",0.0125522124397855,0.0136679646662187
6,"Cluster 4","y4",-0.00770339898934633,0.00920731568420646
6,"Cluster 4","y5",0.000989989204738029,0.0124138650860468
7,"Cluster 1","y1",-0.00130507358215447,0.00885958606892511
7,"Cluster 1","y2",0.000395139842374851,0.01229533406519
7,"Cluster 1","y3",0.00197577751412504,0.0144661084877472
7,"Cluster 1","y4",0.00558179081054579,0.0128225675256982
7,"Cluster 1","y5",0.00253167582518287,0.0117946348924733
7,"Cluster 2","y1",0.00472753308502791,0.0141259585714493
7,"Cluster 2","y2",0.00280456479420108,0.0148766112597534
7,"Cluster 2","y3",-0.00249184232529083,0.0150093858409111
7,"Cluster 2","y4",0.00235666317025158,0.0134011526686154
7,"Cluster 2","y5",0.00169371293942131,0.0136691242147309
7,"Cluster 3","y1",-0.00200612729597419,0.00720040856522528
7,"Cluster 3","y2",0.00314196857491976,0.00783965565169733
7,"Cluster 3","y3",0.00280337145879851,0.00833099329581692
7,"Cluster 3","y4",0.00112076149728081,0.012377345874654
7,"Cluster 3","y5",0.000115253536787126,0.00995578867637085
7,"Cluster 4","y1",0.00218642443201688,0.0117295465115237
7,"Cluster 4","y2",0.00660204055286399,0.00609729003938091
7,"Cluster 4","y3",-6.60511879816158e-05,0.0105222772775718
7,"Cluster 4","y4",-0.00545113289010134,0.011501692680531
7,"Cluster 4","y5",0.00310670683289979,0.0116031326042691
8,"Cluster 1","y1",0.00227104357163596,0.0108003197309217
8,"Cluster 1","y2",0.00197971421154287,0.00751920854702875
8,"Cluster 1","y3",0.00236415290373824,0.0133024774655832
8,"Cluster 1","y4",0.00361925796332906,0.00976774997342505
8,"Cluster 1","y5",-0.00159847693861808,0.0106638812527597
8,"Cluster 2","y1",0.00516438022239154,0.0160928330920181
8,"Cluster 2","y2",-0.00189244398817939,0.0179279076768324
8,"Cluster 2","y3",-0.000280178576838452,0.0168451468739034
8,"Cluster 2","y4",-0.000987456570270443,0.0176974874139395
8,"Cluster 2","y5",-0.000450086658798547,0.0128247179978799
8,"Cluster 3","y1",-0.00059842163862314,0.00893881747797341
8,"Cluster 3","y2",-0.00118255627167297,0.00543699734546391
8,"Cluster 3","y3",0.00315564373551424,0.0110372118367047
8,"Cluster 3","y4",-0.00108448936660623,0.0121145639443543
8,"Cluster 3","y5",0.00253457022418231,0.012334597942463
8,"Cluster 4","y1",0.00401030182701023,0.0111695260903838
8,"Cluster 4","y2",0.00235509618836518,0.0086649014944893
8,"Cluster 4","y3",0.00206427915852932,0.00938239246966193
8,"Cluster 4","y4",-0.000482179886283311,0.00624568954916536
8,"Cluster 4","y5",0.000536822215222743,0.0102044641609113
9,"Cluster 1","y1",-0.00412416312400758,0.0121915754443915
9,"Cluster 1","y2",0.0030041447574095,0.00658415487389318
9,"Cluster 1","y3",0.0014010783151331,0.0128465206900857
9,"Cluster 1","y4",-0.000649880328110449,0.0100603351380128
9,"Cluster 1","y5",0.00518115613536943,0.0110553307476592
9,"Cluster 2","y1",0.00227474857168315,0.00959739662728414
9,"Cluster 2","y2",-0.000609408055032679,0.0108746291089067
9,"Cluster 2","y3",-0.00231969458207926,0.0157316270064696
9,"Cluster 2","y4",0.00193594643868632,0.013934426630657
9,"Cluster 2","y5",9.15155709688216e-05,0.0152052318837725
9,"Cluster 3","y1",2.98193936156932e-05,0.00783035638224144
9,"Cluster 3","y2",0.00146143474194134,0.00731135190107501
9,"Cluster 3","y3",0.00211728907121285,0.00858075102702307
9,"Cluster 3","y4",-0.000713141340622092,0.0118432867484709
9,"Cluster 3","y5",0.00326794785485558,0.0129210984343708
9,"Cluster 4","y1",0.00243297865128516,0.0080225543931807
9,"Cluster 4","y2",0.000496657173894066,0.00773144513631263
9,"Cluster 4","y3",-0.00295524488629512,0.00838579260575268
9,"Cluster 4","y4",-0.00498546013487224,0.0125355470246275
9,"Cluster 4","y5",-0.00393175798422087,0.0138807737834687
10,"Cluster 1","y1",-0.00228884285405588,0.00822148563180209
10,"Cluster 1","y2",0.002891128077257,0.00730662233250778
10,"Cluster 1","y3",-0.000555730058404935,0.0101403303822
10,"Cluster 1","y4",0.000296473423540533,0.0116845575932456
10,"Cluster 1","y5",7.06392369944816e-05,0.0107146539909989
10,"Cluster 2","y1",0.000788589262048567,0.00614561054607553
10,"Cluster 2","y2",0.00112254418155817,0.0126564199623278
10,"Cluster 2","y3",0.0030271551848757,0.0114036443775413
10,"Cluster 2","y4",0.000724429358982629,0.00957568736698373
10,"Cluster 2","y5",-0.00115569479841935,0.00957610562058972
10,"Cluster 3","y1",-0.00254928536732879,0.0057784920233388
10,"Cluster 3","y2",0.00294239698124888,0.0058701297570878
10,"Cluster 3","y3",-0.000680532761542492,0.00951608232281361
10,"Cluster 3","y4",0.000408117234619546,0.00921788044677019
10,"Cluster 3","y5",-0.00175246143801567,0.00976907879153403
10,"Cluster 4","y1",-0.000723409483126932,0.00735237731554158
10,"Cluster 4","y2",0.000678713782202071,0.00963368456276005
10,"Cluster 4","y3",-0.00343539437416435,0.0105978290240045
10,"Cluster 4","y4",0.00112617974696763,0.0143301371191047
10,"Cluster 4","y5",-0.000211566423617889,0.0098818040584836
